id,company_name,website_url,headquarters_location,facility_size_sqft,certifications_held,primary_business_type,materials_handled,contact_email,contact_phone,key_personnel,year_established,thomasnet_profile_url,data_source,last_updated
2,"Fabricon International, Inc.",https://www.fabriconintl.com/,"Beaumont, TX 77720",,"[""ASME""]",Custom Manufacturer,"[""carbon steel"", ""stainless steel"", ""titanium"", ""Monel\u00ae"", ""Hastelloy\u00ae"", ""Inconel\u00ae"", ""nickel alloys""]",,,[],1976,https://www.thomasnet.com/suppliers/southern-texas/all-cities/asme-code-pressure-vessels-91721100,Thomasnet,2026-06-17 03:51:55
3,"Becker & Associates, Inc.",http://catalog.beckerandassociates.com/,"East Dundee, IL 60118",,[],Distributor,[],,(630) 629-9440,[],,https://www.thomasnet.com/company/becker-associates-inc-453572/catalog/category/2283-1129,Thomasnet,2026-06-17 03:52:03
4,"Base Construction, Inc.",http://www.BaseconstructionCA.com,"Buena Park, CA 90621",,[],Industrial Contracting Services,"[""Concrete"", ""Structural steel"", ""Electrical components"", ""Insulated metal panels (IMP)"", ""Process piping""]",,949-387-3471,[],1998,https://www.thomasnet.com/suppliers/usa/construction-management-services-1135,Thomasnet,2026-06-17 03:52:40
5,McNeil Inc. - McNeil Sales & Service Inc.,https://mcneilusa.com/,"Robbinsville, NJ 08691",,"[""ASME"", ""ISO 9000"", ""ISO 45001""]",Custom Manufacturer,"[""Heat management"", ""Refractory construction"", ""Installation services""]",,,[],1937,https://www.thomasnet.com/suppliers/south-carolina/all-cities/industrial-contractors-6959,Thomasnet,2026-06-17 03:52:33
7,"NDT Specialists, Inc.",https://www.ndtspecialists.com/industries-served/weld-quality,"Oak Creek, WI 53154",,"[""Mil-Spec"", ""ASME"", ""AWS"", ""API"", ""ASTM""]",Service Company,[],,,[],1988,https://www.thomasnet.com/suppliers/usa/welder-certification-testing-services-84865005,Thomasnet,2026-06-17 03:52:48
8,"Walter Long Manufacturing Co., Inc.",https://www.walterlongmanufacturing.com/index.html,"Finleyville, PA 15332",,[],Custom Manufacturer,"[""abrasion resistant plate"", ""aluminum"", ""carbon steel"", ""stainless steel""]",,(724) 348-6631,"[""Robert Long, VP""]",1898,https://www.thomasnet.com/company/walter-long-manufacturing-co-inc-160138/profile,Thomasnet,2026-06-17 03:53:00
9,"Loper and Slag, LLC",https://loperandslag.com/,"Portland, OR 97227",,[],Custom Manufacturer,"[""metal"", ""wood""]",,(503) 473-8515,"[""Jayme Bowens, Project Mgr.""]",2018,https://www.thomasnet.com/company/loper-and-slag-llc-30970168/profile,Thomasnet,2026-06-17 03:53:10
38,"Johnson Controls, Inc.",,"Tampa, FL",,[],,[],,,[],,https://www.thomasnet.com/company/johnson-controls-inc-10020659/profile,Thomasnet:asme-code-pressure-vessels:florida,2026-06-17 03:43:30
39,MISTRAS Services,,"Acworth, GA",,[],,[],,,[],,https://www.thomasnet.com/company/mistras-services-1303276/profile,Thomasnet:asme-code-pressure-vessels:georgia,2026-06-17 03:43:28
41,Mitternight INC,,"Satsuma, AL",,[],,[],,,[],,https://www.thomasnet.com/company/mitternight-inc-890415/profile,Thomasnet:asme-code-pressure-vessels:alabama,2026-06-17 03:48:40
42,Advance Tank & Construction,,"Wellington, CO",,[],,[],,,[],,https://www.thomasnet.com/company/advance-tank-construction-1168060/profile,Thomasnet:asme-code-pressure-vessels:colorado,2026-06-17 03:48:40
43,"Arc Controls, Inc.",,"Mobile, AL",,[],,[],,,[],,https://www.thomasnet.com/company/arc-controls-inc-890440/profile,Thomasnet:asme-code-pressure-vessels:alabama,2026-06-17 03:48:40
44,"Sue-Jac, Inc.",,"Decatur, AL",,[],,[],,,[],,https://www.thomasnet.com/company/sue-jac-inc-883838/profile,Thomasnet:asme-code-pressure-vessels:alabama,2026-06-17 03:48:40
45,Addison Fabricators INC,,"Addison, AL",,[],,[],,,[],,https://www.thomasnet.com/company/addison-fabricators-inc-1284025/profile,Thomasnet:asme-code-pressure-vessels:alabama,2026-06-17 03:48:40
46,Alabama Heat Exchangers INC,,"Theodore, AL",,[],,[],,,[],,https://www.thomasnet.com/company/alabama-heat-exchangers-inc-889572/profile,Thomasnet:asme-code-pressure-vessels:alabama,2026-06-17 03:48:40
47,Hanwha Cimarron,,"Huntsville, AL",,[],,[],,,[],,https://www.thomasnet.com/company/hanwha-cimarron-30944047/profile,Thomasnet:asme-code-pressure-vessels:alabama,2026-06-17 03:48:40
48,Blake Pendleton INC,,"Macon, GA",,[],,[],,,[],,https://www.thomasnet.com/company/blake-pendleton-inc-914111/profile,Thomasnet:asme-code-pressure-vessels:georgia,2026-06-17 03:43:28
49,"Feldmeier Equipment, Inc.",,"Montgomery, AL",,[],,[],,,[],,https://www.thomasnet.com/company/feldmeier-equipment-inc-1236200/profile,Thomasnet:asme-code-pressure-vessels:alabama,2026-06-17 03:48:40
50,Lape Industrial Fiberglass INC,,"Grand Bay, AL",,[],,[],,,[],,https://www.thomasnet.com/company/lape-industrial-fiberglass-inc-10083368/profile,Thomasnet:asme-code-pressure-vessels:alabama,2026-06-17 03:48:40
52,"Hubbell Power Systems, Inc.",,"Leeds, AL",,[],,[],,,[],,https://www.thomasnet.com/company/hubbell-power-systems-inc-22875/profile,Thomasnet:asme-code-pressure-vessels:alabama,2026-06-17 03:48:40
53,Rolls-Royce Corp.,,"Huntsville, AL",,[],,[],,,[],,https://www.thomasnet.com/company/rolls-royce-corp-30080472/profile,Thomasnet:asme-code-pressure-vessels:alabama,2026-06-17 03:48:40
54,Jti Companies INC,,"Birmingham, AL",,[],,[],,,[],,https://www.thomasnet.com/company/jti-companies-inc-10070455/profile,Thomasnet:asme-code-pressure-vessels:alabama,2026-06-17 03:48:40
55,Normco INC,,"Prichard, AL",,[],,[],,,[],,https://www.thomasnet.com/company/normco-inc-888648/profile,Thomasnet:asme-code-pressure-vessels:alabama,2026-06-17 03:48:40
56,"Hubbell, Inc.",,"West Chester, PA",,[],,[],,,[],,https://www.thomasnet.com/company/hubbell-inc-1092735/profile,Thomasnet:asme-code-pressure-vessels:connecticut,2026-06-17 03:43:22
57,E & C Chemicals Inc.,,"Carrollton, GA",,[],,[],,,[],,https://www.thomasnet.com/company/e-c-chemicals-inc-912491/profile,Thomasnet:frp-tanks:georgia,2026-06-17 03:44:12
58,Fastenal,,"East Hartford, CT",,[],,[],,,[],,https://www.thomasnet.com/company/fastenal-10061000/profile,Thomasnet:frp-tanks:connecticut,2026-06-17 03:44:06
59,"Harcros Chemicals, Inc.",,"Tampa, FL",,[],,[],,,[],,https://www.thomasnet.com/company/harcros-chemicals-inc-398509/profile,Thomasnet:frp-tanks:florida,2026-06-17 03:44:19
60,Research Products Corp,,"Theodore, AL",,[],,[],,,[],,https://www.thomasnet.com/company/research-products-corp-878150/profile,Thomasnet:frp-tanks:alabama,2026-06-17 03:48:40
61,Applied Industrial Technologies,,"Tampa, FL",,[],,[],,,[],,https://www.thomasnet.com/company/applied-industrial-technologies-1275404/profile,Thomasnet:frp-tanks:florida,2026-06-17 03:44:19
62,Kemper Industries,,"Daphne, AL",,[],,[],,,[],,https://www.thomasnet.com/company/kemper-industries-884892/profile,Thomasnet:frp-tanks:alabama,2026-06-17 03:48:40
63,Gaylord Chemical,,"Birmingham, AL",,[],,[],,,[],,https://www.thomasnet.com/company/k-chem-inc-20037410/profile,Thomasnet:frp-tanks:alabama,2026-06-17 03:48:40
65,Univar Solutions Inc.,,"Tampa, FL",,[],,[],,,[],,https://www.thomasnet.com/company/univar-solutions-inc-30771176/profile,Thomasnet:frp-tanks:florida,2026-06-17 03:44:19
66,BASF Corporation,,"Huntsville, AL",,[],,[],,,[],,https://www.thomasnet.com/company/basf-corporation-169617/profile,Thomasnet:frp-tanks:alabama,2026-06-17 03:48:40
67,Research Solutions Group INC,,"Pelham, AL",,[],,[],,,[],,https://www.thomasnet.com/company/research-solutions-group-inc-30728875/profile,Thomasnet:frp-tanks:alabama,2026-06-17 03:48:40
68,Ati,,"East Hartford, CT",,[],,[],,,[],,https://www.thomasnet.com/company/ati-10038081/profile,Thomasnet:frp-tanks:connecticut,2026-06-17 03:44:06
69,U S Amines Limited,,"Axis, AL",,[],,[],,,[],,https://www.thomasnet.com/company/u-s-amines-limited-30167673/profile,Thomasnet:frp-tanks:alabama,2026-06-17 03:48:40
70,Airgas,,"Melbourne, FL",,[],,[],,,[],,https://www.thomasnet.com/company/airgas-1092912/profile,Thomasnet:frp-tanks:florida,2026-06-17 03:44:19
71,Ineos Phenol,,"Theodore, AL",,[],,[],,,[],,https://www.thomasnet.com/company/ineos-phenol-30116730/profile,Thomasnet:frp-tanks:alabama,2026-06-17 03:48:40
72,"Drummond, Ltd",,"Gadsden, AL",,[],,[],,,[],,https://www.thomasnet.com/company/etowah-chemical-sales-service-co-937829/profile,Thomasnet:frp-tanks:alabama,2026-06-17 03:48:40
74,Laysan Bio INC,,"Arab, AL",,[],,[],,,[],,https://www.thomasnet.com/company/laysan-bio-inc-30736850/profile,Thomasnet:frp-tanks:alabama,2026-06-17 03:48:40
75,Industrial Chemicals INC,,"Vestavia Hills, AL",,[],,[],,,[],,https://www.thomasnet.com/company/industrial-chemicals-inc-879685/profile,Thomasnet:frp-tanks:alabama,2026-06-17 03:48:40
76,Stutton Corporation,,"Lincoln, AL",,[],,[],,,[],,https://www.thomasnet.com/company/stutton-corporation-1201292/profile,Thomasnet:frp-tanks:alabama,2026-06-17 03:48:40
77,Umicore Technical Materials - Contact Materials Business Unit,,"Arab, AL",,[],,[],,,[],,https://www.thomasnet.com/company/umicore-technical-materials-contact-materials-business-unit-20070389/profile,Thomasnet:frp-tanks:alabama,2026-06-17 03:48:40
78,Johnstone Supply,,"New Castle, DE",,[],,[],,,[],,https://www.thomasnet.com/company/johnstone-supply-1315321/profile,Thomasnet:frp-tanks:delaware,2026-06-17 03:44:02
79,"INVENTURE RENEWABLES, INC.",,"Tuscaloosa, AL",,[],,[],,,[],,https://www.thomasnet.com/company/inventure-renewables-inc-30827841/profile,Thomasnet:frp-tanks:alabama,2026-06-17 03:48:40
80,Sure Chemical INC,,"Springville, AL",,[],,[],,,[],,https://www.thomasnet.com/company/sure-chemical-inc-30754704/profile,Thomasnet:frp-tanks:alabama,2026-06-17 03:48:40
81,Grainger Industrial Supply,,"Birmingham, AL",,[],,[],,,[],,https://www.thomasnet.com/company/grainger-industrial-supply-1301046/profile,Thomasnet:frp-tanks:alabama,2026-06-17 03:48:40
82,Taricco Corporation,,"Long Beach, CA",,[],,[],,,[],,https://www.thomasnet.com/company/taricco-corporation-10056179/profile,Thomasnet:asme-code-pressure-vessels:arizona,2026-06-17 03:48:40
83,Tru-Stop Inc.,,"Tempe, AZ",,[],,[],,,[],,https://www.thomasnet.com/company/tru-stop-inc-30167601/profile,Thomasnet:asme-code-pressure-vessels:arizona,2026-06-17 03:48:40
84,Matrix Service Co.,,"Tucson, AZ",,[],,[],,,[],,https://www.thomasnet.com/company/matrix-service-co-1139234/profile,Thomasnet:asme-code-pressure-vessels:arizona,2026-06-17 03:48:40
85,MMI Tank & Industrial Services,,"Phoenix, AZ",,[],,[],,,[],,https://www.thomasnet.com/company/mmi-tank-industrial-services-30846975/profile,Thomasnet:asme-code-pressure-vessels:arizona,2026-06-17 03:48:40
86,Samuel Pressure Vessel Group Inc.,,"Tucson, AZ",,[],,[],,,[],,https://www.thomasnet.com/company/samuel-pressure-vessel-group-inc-10036624/profile,Thomasnet:asme-code-pressure-vessels:arizona,2026-06-17 03:48:40
87,Company Overview,,"Forestville, CT",,[],,[],,,[],,https://www.thomasnet.com/company/eb-buffing-inc-30259514/profile,Thomasnet:stainless-steel-tanks:connecticut,2026-06-17 03:43:50
88,"Entegris, Inc.",,"Gainesville, FL",,[],,[],,,[],,https://www.thomasnet.com/company/entegris-inc-10014935/profile,Thomasnet:asme-code-pressure-vessels:florida,2026-06-17 03:43:30
89,"Xylem, Inc.",,"Sanford, FL",,[],,[],,,[],,https://www.thomasnet.com/company/xylem-inc-30728450/profile,Thomasnet:asme-code-pressure-vessels:florida,2026-06-17 03:43:30
90,"Manufacturers Distributor, Inc.",,"Odessa, FL",,[],,[],,,[],,https://www.thomasnet.com/company/manufacturers-distributor-inc-20103174/profile,Thomasnet:asme-code-pressure-vessels:florida,2026-06-17 03:43:30
91,Prevco Subsea LLC,,"Fountain Hills, AZ",,[],,[],,,[],,https://www.thomasnet.com/company/prevco-subsea-llc-10077830/profile,Thomasnet:asme-code-pressure-vessels:arizona,2026-06-17 03:48:40
92,Puretec Industrial Water,,"Gilbert, AZ",,[],,[],,,[],,https://www.thomasnet.com/company/puretec-industrial-water-315045/profile,Thomasnet:asme-code-pressure-vessels:arizona,2026-06-17 03:48:40
93,Vic S Welding CO LLC,,"El Mirage, AZ",,[],,[],,,[],,https://www.thomasnet.com/company/vic-s-welding-co-llc-30823698/profile,Thomasnet:asme-code-pressure-vessels:arizona,2026-06-17 03:48:40
94,Axian Technology,,"Phoenix, AZ",,[],,[],,,[],,https://www.thomasnet.com/company/axian-technology-707797/profile,Thomasnet:stainless-steel-tanks:arizona,2026-06-17 03:48:40
95,Commercial Electro Plating Inc.,,"Fresno, CA",,[],,[],,,[],,https://www.thomasnet.com/company/commercial-electro-plating-inc-496705/profile,Thomasnet:stainless-steel-tanks:arizona,2026-06-17 03:48:40
96,Wal-Tek Industries Inc,,"Phoenix, AZ",,[],,[],,,[],,https://www.thomasnet.com/company/wal-tek-industries-inc-30954178/profile,Thomasnet:stainless-steel-tanks:arizona,2026-06-17 03:48:40
97,Gold Tech Industries,,"Tempe, AZ",,[],,[],,,[],,https://www.thomasnet.com/company/gold-tech-industries-708410/profile,Thomasnet:stainless-steel-tanks:arizona,2026-06-17 03:48:40
98,Completely Custom Coatings LLC,,"Prescott Valley, AZ",,[],,[],,,[],,https://www.thomasnet.com/company/completely-custom-coatings-llc-30982945/profile,Thomasnet:stainless-steel-tanks:colorado,2026-06-17 03:43:52
99,"Curbell Plastics, Inc.",,"Lithia Springs, GA",,[],,[],,,[],,https://www.thomasnet.com/company/curbell-plastics-inc-1053117/profile,Thomasnet:stainless-steel-tanks:georgia,2026-06-17 03:43:54
100,Js Metal Polish Blasting,,"Lake Havasu City, AZ",,[],,[],,,[],,https://www.thomasnet.com/company/js-metal-polish-blasting-1168991/profile,Thomasnet:stainless-steel-tanks:arizona,2026-06-17 03:48:40
101,Sierra Stone Care,,"Mesa, AZ",,[],,[],,,[],,https://www.thomasnet.com/company/sierra-stone-care-30853327/profile,Thomasnet:stainless-steel-tanks:arizona,2026-06-17 03:48:40
103,Chemresearch Corporation,,"Phoenix, AZ",,[],,[],,,[],,https://www.thomasnet.com/company/chemresearch-corporation-990094/profile,Thomasnet:stainless-steel-tanks:arizona,2026-06-17 03:48:40
104,Desert Precision Mfg INC,,"Tucson, AZ",,[],,[],,,[],,https://www.thomasnet.com/company/desert-precision-mfg-inc-30118759/profile,Thomasnet:stainless-steel-tanks:arizona,2026-06-17 03:48:40
105,Mountain CNC,,"Loveland, CO",,[],,[],,,[],,https://www.thomasnet.com/company/mountain-cnc-1165602/profile,Thomasnet:stainless-steel-tanks:colorado,2026-06-17 03:43:52
106,Maid to Perfection,,"Scottsdale, AZ",,[],,[],,,[],,https://www.thomasnet.com/company/maid-to-perfection-30616048/profile,Thomasnet:stainless-steel-tanks:arizona,2026-06-17 03:48:40
107,Dreamcoat Flooring LLC,,"Gilbert, AZ",,[],,[],,,[],,https://www.thomasnet.com/company/dreamcoat-flooring-llc-30844016/profile,Thomasnet:stainless-steel-tanks:arizona,2026-06-17 03:48:40
108,Neutron Industries INC,,"Phoenix, AZ",,[],,[],,,[],,https://www.thomasnet.com/company/neutron-industries-inc-989683/profile,Thomasnet:stainless-steel-tanks:arizona,2026-06-17 03:48:40
128,General Membership Meetings,,,,"[""TEMA Member""]",Heat Exchanger Manufacturer,"[""Carbon Steel"", ""Stainless Steel""]",,,[],,,TEMA,2026-06-17 03:32:41
130,Prospective applicants,http://www.ras-inc.com/,,,"[""TEMA Member""]",Heat Exchanger Manufacturer,"[""Carbon Steel"", ""Stainless Steel""]",,,[],,,TEMA,2026-06-17 03:41:32
132,[![Alabama Heat Exchangers](https://tema.org/wp-content/uploads/2023/08/AlabamaHeatExchangers_Logo.png)](http://heatexchanger.com/),https://braskinc.com/,,,"[""TEMA Member""]",Heat Exchanger Manufacturer,"[""Carbon Steel"", ""Stainless Steel""]",,,[],,,TEMA,2026-06-17 03:32:41
133,"[![Brask Inc, The Heat Exchanger People](https://tema.org/wp-content/uploads/2025/08/302021923_Design_v4.jpg)](https://braskinc.com/)",https://nikkisoceig.com/,,,"[""TEMA Member""]",Heat Exchanger Manufacturer,"[""Carbon Steel"", ""Stainless Steel""]",,,[],,,TEMA,2026-06-17 03:32:41
134,[![Harris Thermal Transfer Products Logo](https://tema.org/wp-content/uploads/2025/10/Harris-Logo-long-1.png)](https://harristhermal.com/),https://www.htequip.com/,,,"[""TEMA Member""]",Heat Exchanger Manufacturer,"[""Carbon Steel"", ""Stainless Steel""]",,,[],,,TEMA,2026-06-17 03:32:41
135,[![](https://tema.org/wp-content/uploads/2025/12/Metalforms-A-Transtech-Company-Logo-V2.png)](http://www.metalformshx.com/),http://www.josephoat.com/,,,"[""TEMA Member""]",Heat Exchanger Manufacturer,"[""Carbon Steel"", ""Stainless Steel""]",,,[],,,TEMA,2026-06-17 03:32:41
139,"American Exchanger Services, Inc.",https://amexservices.com/,"W Wisconsin St Hartford, WI",,"[""HEI Member""]",Heat Exchange Manufacturer,"[""Carbon Steel"", ""Stainless Steel""]",,262.670.6625,[],,,HEI,2026-06-17 03:41:32
141,"Croll Reynolds Company, Inc.",https://croll.com/,"Six Campus Drive Parsippany, NJ",,"[""HEI Member""]",Heat Exchange Manufacturer,"[""Carbon Steel"", ""Stainless Steel""]",,908.232.4202,[],,,HEI,2026-06-17 03:41:32
142,"Six Campus Drive Parsippany, NJ 7056",https://croll.com/,"W Front Street Florence, NJ",,"[""HEI Member""]",Heat Exchange Manufacturer,"[""Carbon Steel"", ""Stainless Steel""]",,908.232.4202,[],,,HEI,2026-06-17 03:41:32
143,DC Fabricators Inc.,https://www.dcfab.com/,"W Front Street Florence, NJ",,"[""HEI Member""]",Heat Exchange Manufacturer,"[""Carbon Steel"", ""Stainless Steel""]",,609.499.3000,[],,,HEI,2026-06-17 03:41:32
145,Gardner Denver Nash,https://www.nashpumps.com/en-us/,"Simko Blvd Charleroi, PA",,"[""HEI Member""]",Heat Exchange Manufacturer,"[""Carbon Steel"", ""Stainless Steel""]",,724.239.1548,[],,,HEI,2026-06-17 03:41:32
146,"Accounting 200 Simko Blvd Charleroi, PA 15022",https://www.nashpumps.com/en-us/,"Florence Avenue Batavia, NY",,"[""HEI Member""]",Heat Exchange Manufacturer,"[""Carbon Steel"", ""Stainless Steel""]",,724.239.1548,[],,,HEI,2026-06-17 03:41:32
147,Graham Corporation,https://grahamcorp.com/,"Florence Avenue Batavia, NY",,"[""HEI Member""]",Heat Exchange Manufacturer,"[""Carbon Steel"", ""Stainless Steel""]",,585.343.2216,[],,,HEI,2026-06-17 03:41:32
149,Holtec International,https://holtecinternational.com/,"Holtec Blvd Camden, NJ",,"[""HEI Member""]",Heat Exchange Manufacturer,"[""Carbon Steel"", ""Stainless Steel""]",,,[],,,HEI,2026-06-17 03:41:32
151,Kansas City Deaerator Company,http://www.deaerator.com,"Street Stilwell, KS",,"[""HEI Member""]",Heat Exchange Manufacturer,"[""Carbon Steel"", ""Stainless Steel""]",,913.338.2111,[],,,HEI,2026-06-17 03:41:32
153,"Kelvion, Inc.",http://www.kelvion.com,"West Channel Road Catoosa, OK",,"[""HEI Member""]",Heat Exchange Manufacturer,"[""Carbon Steel"", ""Stainless Steel""]",,,[],,,HEI,2026-06-17 03:41:32
154,"Accounting 5202 West Channel Road Catoosa, OK 74015",http://www.kelvion.com,"Cherry Hill, NJ",,"[""HEI Member""]",Heat Exchange Manufacturer,"[""Carbon Steel"", ""Stainless Steel""]",,856.470.1504,[],,,HEI,2026-06-17 03:41:32
155,Maarky Thermal Systems,https://maarky.com,"Cherry Hill, NJ",,"[""HEI Member""]",Heat Exchange Manufacturer,"[""Carbon Steel"", ""Stainless Steel""]",,856.470.1504,[],,,HEI,2026-06-17 03:41:32
157,SPG Dry Cooling,https://spgdrycooling.com/,"Bridgewater, NJ",,"[""HEI Member""]",Heat Exchange Manufacturer,"[""Carbon Steel"", ""Stainless Steel""]",,913.664.7515,[],,,HEI,2026-06-17 03:41:32
159,Sterling Deaerator Company,https://www.sterlingdeaerator.com/,"Cumming, GA",,"[""HEI Member""]",Heat Exchange Manufacturer,"[""Carbon Steel"", ""Stainless Steel""]",,770.205.1969,[],,,HEI,2026-06-17 03:41:32
161,Thermal Engineering Int’l (USA) Inc.,https://www.babcockpower.com/tei/,"La Palma, CA",,"[""HEI Member""]",Heat Exchange Manufacturer,"[""Carbon Steel"", ""Stainless Steel""]",,323.726.0641,[],,,HEI,2026-06-17 03:41:32
162,"Accounts Payable 4 Centerpointe Drive, Suite 400 La Palma, CA 90623",https://www.babcockpower.com/tei/,,,"[""HEI Member""]",Heat Exchange Manufacturer,"[""Carbon Steel"", ""Stainless Steel""]",,323.726.0641,[],,,HEI,2026-06-17 03:41:32
163,Technical Resources,https://www.heatexchange.org/products/tech-sheets/,,,"[""HEI Member""]",Heat Exchange Manufacturer,"[""Carbon Steel"", ""Stainless Steel""]",,,[],,,HEI,2026-06-17 03:32:41
164,Download Tech Sheets,https://www.heatexchange.org/products/tech-sheets/,,,"[""HEI Member""]",Heat Exchange Manufacturer,"[""Carbon Steel"", ""Stainless Steel""]",,,[],,,HEI,2026-06-17 03:41:32
165,Order HEI Standards,https://www.heatexchange.org/resources/standards/,,,"[""HEI Member""]",Heat Exchange Manufacturer,"[""Carbon Steel"", ""Stainless Steel""]",,,[],,,HEI,2026-06-17 03:41:32
166,Shopping Cart,,,,"[""HEI Member""]",Heat Exchange Manufacturer,"[""Carbon Steel"", ""Stainless Steel""]",,,[],,,HEI,2026-06-17 03:32:41
167,Scroll to Top,,,,"[""HEI Member""]",Heat Exchange Manufacturer,"[""Carbon Steel"", ""Stainless Steel""]",,,[],,,HEI,2026-06-17 03:32:41
168,Not Found,,,,"[""AWS Certified""]",Welding Fabricator,[],,,[],,,AWS,2026-06-17 03:32:41
170,[Pema Mermbership Login](https://pemanet.org/),https://pemanet.org/,,,"[""PEMA Member""]",Process Equipment Manufacturer,[],,,[],,,PEMA,2026-06-17 03:32:44
171,Username or Email Address,https://pemanet.org/,,,"[""PEMA Member""]",Process Equipment Manufacturer,[],,,[],,,PEMA,2026-06-17 03:32:44
172,Remember Me,https://pemanet.org/,,,"[""PEMA Member""]",Process Equipment Manufacturer,[],,,[],,,PEMA,2026-06-17 03:32:44
173,← Go to Pemanet,https://pemanet.org/,,,"[""PEMA Member""]",Process Equipment Manufacturer,[],,,[],,,PEMA,2026-06-17 03:41:44
177,"CEMA Members celebrating Anniversary’s, Awards, New Facilities, and Expansions, etc.",,,,"[""CEMA Member""]",Conveyor Equipment Manufacturer,[],kim@cemanet.org,,[],,,CEMA,2026-06-17 03:35:38
178,Contact Kimberly MacLaren to see how you can attend our **[Annual Meeting](https://cemanet.org/cema-annual-meeting-2020/).**,https://conveyorequipcaptivate.growthzonecms.com/,,,"[""CEMA Member""]",Conveyor Equipment Manufacturer,[],kim@cemanet.org,,[],,,CEMA,2026-06-17 03:35:38
179,[CEMA Members in the NEWs – 2019 RECAP](https://cemanet.org/wp-content/uploads/2020/01/CEMA-Members-in-the-NEWs-2019-RECAP.pdf)**,https://conveyorequipcaptivate.growthzonecms.com/,,,"[""CEMA Member""]",Conveyor Equipment Manufacturer,[],kim@cemanet.org,,[],,,CEMA,2026-06-17 03:35:38
180,"_CEMA Member’s if you want your news in the CEMA Newsletter, send__by the 15th of each month_ to   _**kim@cemanet.org**_",https://conveyorequipcaptivate.growthzonecms.com/,,,"[""CEMA Member""]",Conveyor Equipment Manufacturer,[],,,[],,,CEMA,2026-06-17 03:35:38
185,"Spartan, Inc.",,"Bakersfield, CA",,"[""STI/SPFA Member""]",Steel Tank / Pipe Fabricator,"[""Carbon Steel"", ""Steel""]",,661-327-1205,[],,,STI-SPFA,2026-06-17 03:41:58
187,"Bakersfield, CA 93301-2137",http://spartaninc.net/,,,"[""STI/SPFA Member""]",Steel Tank / Pipe Fabricator,"[""Carbon Steel"", ""Steel""]",,661-327-1205,[],,,STI-SPFA,2026-06-17 03:41:58
188,STI Licensed Shop-Fabricated Tank Membership,https://assets-002.noviams.com/novi-file-uploads/stispfa/members/165-years_vector_final-1.png,"Dubuque, IA",,"[""STI/SPFA Member""]",Steel Tank / Pipe Fabricator,"[""Carbon Steel"", ""Steel""]",,,[],,,STI-SPFA,2026-06-17 03:41:58
190,Morrison Bros. Co.,,"Dubuque, IA",,"[""STI/SPFA Member""]",Steel Tank / Pipe Fabricator,"[""Carbon Steel"", ""Steel""]",,563-583-5701,[],,,STI-SPFA,2026-06-17 03:41:58
192,"Dubuque, IA 52001-2378",https://www.morbros.com/,,,"[""STI/SPFA Member""]",Steel Tank / Pipe Fabricator,"[""Carbon Steel"", ""Steel""]",,563-583-5701,[],,,STI-SPFA,2026-06-17 03:41:58
193,Dennis Eryou,,,,"[""STI/SPFA Member""]",Steel Tank / Pipe Fabricator,"[""Carbon Steel"", ""Steel""]",,,[],,,STI-SPFA,2026-06-17 03:33:17
194,Eryou Engineering Inc.,,,,"[""STI/SPFA Member""]",Steel Tank / Pipe Fabricator,"[""Carbon Steel"", ""Steel""]",,,[],,,STI-SPFA,2026-06-17 03:33:17
196,Industry Associate,https://assets-002.noviams.com/novi-file-uploads/stispfa/members/engine-and-compressor-logo---6524-1.jpg,"Waller, TX",,"[""STI/SPFA Member""]",Steel Tank / Pipe Fabricator,"[""Carbon Steel"", ""Steel""]",,,[],,,STI-SPFA,2026-06-17 03:41:58
197,Garzo Inc dba Engine & Compressor Accessories,,"Waller, TX",,"[""STI/SPFA Member""]",Steel Tank / Pipe Fabricator,"[""Carbon Steel"", ""Steel""]",,713-466-8679,[],,,STI-SPFA,2026-06-17 03:41:58
199,"Waller, TX 77484-8173",https://www.daytank.com/,,,"[""STI/SPFA Member""]",Steel Tank / Pipe Fabricator,"[""Carbon Steel"", ""Steel""]",,713-466-8679,[],,,STI-SPFA,2026-06-17 03:41:58
200,Dennis York,,,,"[""STI/SPFA Member""]",Steel Tank / Pipe Fabricator,"[""Carbon Steel"", ""Steel""]",,951-903-8002,[],,,STI-SPFA,2026-06-17 03:41:58
202,"Long Industries, Inc.",,"Buffalo, TX",,"[""STI/SPFA Member""]",Steel Tank / Pipe Fabricator,"[""Carbon Steel"", ""Steel""]",,903-389-3263,[],,,STI-SPFA,2026-06-17 03:41:58
204,"Buffalo, TX 75831-6858",https://longindustries.us/,,,"[""STI/SPFA Member""]",Steel Tank / Pipe Fabricator,"[""Carbon Steel"", ""Steel""]",,903-389-3263,[],,,STI-SPFA,2026-06-17 03:41:58
206,Tank Solutions (Lesweek Pty Ltd.) Fibre,,,,"[""STI/SPFA Member""]",Steel Tank / Pipe Fabricator,"[""Carbon Steel"", ""Steel""]",,,[],,,STI-SPFA,2026-06-17 03:33:17
208,"Tomago, New South Wales 2322",https://www.tanksolutions.com.au/,,,"[""STI/SPFA Member""]",Steel Tank / Pipe Fabricator,"[""Carbon Steel"", ""Steel""]",,6124964827,[],,,STI-SPFA,2026-06-17 03:41:58
209,Ward Vessel & Exchanger Corp. (Charlotte),,"Charlotte, NC",,"[""STI/SPFA Member""]",Steel Tank / Pipe Fabricator,"[""Carbon Steel"", ""Steel""]",,704-568-3001,[],,,STI-SPFA,2026-06-17 03:41:58
211,"Charlotte, NC 28215-5101",https://www.wardvesselandexchanger.com/,,,"[""STI/SPFA Member""]",Steel Tank / Pipe Fabricator,"[""Carbon Steel"", ""Steel""]",,704-568-3001,[],,,STI-SPFA,2026-06-17 03:41:58
212,Pressure Vessel & Special Products Fabricator,https://assets-002.noviams.com/novi-file-uploads/stispfa/members/american-spiralweld-pipe-logo-11824-1.jpg,"Columbia, SC",,"[""STI/SPFA Member""]",Steel Tank / Pipe Fabricator,"[""Carbon Steel"", ""Steel""]",,,[],,,STI-SPFA,2026-06-17 03:41:58
213,"American Spiralweld Pipe Company, LLC (Columbia)",,"Columbia, SC",,"[""STI/SPFA Member""]",Steel Tank / Pipe Fabricator,"[""Carbon Steel"", ""Steel""]",,205-325-7052,[],,,STI-SPFA,2026-06-17 03:41:58
215,"Columbia, SC 29209-5084",https://www.american-usa.com/products/spiral-welded-steel-pipe,,,"[""STI/SPFA Member""]",Steel Tank / Pipe Fabricator,"[""Carbon Steel"", ""Steel""]",,205-325-7052,[],,,STI-SPFA,2026-06-17 03:41:58
216,Pipe Fabricator,,,,"[""STI/SPFA Member""]",Steel Tank / Pipe Fabricator,"[""Carbon Steel"", ""Steel""]",,913-645-9140,[],,,STI-SPFA,2026-06-17 03:41:58
217,Patrick Vuchetich,,,,"[""STI/SPFA Member""]",Steel Tank / Pipe Fabricator,"[""Carbon Steel"", ""Steel""]",,913-645-9140,[],,,STI-SPFA,2026-06-17 03:41:58
218,Williams & Company,,,,"[""STI/SPFA Member""]",Steel Tank / Pipe Fabricator,"[""Carbon Steel"", ""Steel""]",,913-645-9140,[],,,STI-SPFA,2026-06-17 03:41:58
219,Southern Heat Exchanger,,"Tuscaloosa, AL",,"[""STI/SPFA Member""]",Steel Tank / Pipe Fabricator,"[""Carbon Steel"", ""Steel""]",,205-345-5335,[],,,STI-SPFA,2026-06-17 03:41:58
221,"Tuscaloosa, AL 35405-3906",https://www.sheco.com/,,,"[""STI/SPFA Member""]",Steel Tank / Pipe Fabricator,"[""Carbon Steel"", ""Steel""]",,205-345-5335,[],,,STI-SPFA,2026-06-17 03:41:58
222,Brian Cash,,,,"[""STI/SPFA Member""]",Steel Tank / Pipe Fabricator,"[""Carbon Steel"", ""Steel""]",,209-622-7839,[],,,STI-SPFA,2026-06-17 03:41:58
224,Samuel Pressure Vessel Group,,"Marinette, WI",,"[""STI/SPFA Member""]",Steel Tank / Pipe Fabricator,"[""Carbon Steel"", ""Steel""]",,715-735-9311,[],,,STI-SPFA,2026-06-17 03:41:58
226,"Marinette, WI 54143-3711",http://www.samuelpressurevesselgroup.com/,,,"[""STI/SPFA Member""]",Steel Tank / Pipe Fabricator,"[""Carbon Steel"", ""Steel""]",,715-735-9311,[],,,STI-SPFA,2026-06-17 03:41:58
228,"Sioux Falls, SD 57104",https://maguirewater.com/,,,"[""STI/SPFA Member""]",Steel Tank / Pipe Fabricator,"[""Carbon Steel"", ""Steel""]",,605-334-9749,[],,,STI-SPFA,2026-06-17 03:41:58
229,Field Erected Tank Fabricator,https://assets-002.noviams.com/novi-file-uploads/stispfa/members/strong-company-logo-2.jpg,"Pine Bluff, AR",,"[""STI/SPFA Member""]",Steel Tank / Pipe Fabricator,"[""Carbon Steel"", ""Steel""]",,,[],,,STI-SPFA,2026-06-17 03:41:58
233,"Pine Bluff, AR 71601-4768",https://www.strongseal.com/,,,"[""STI/SPFA Member""]",Steel Tank / Pipe Fabricator,"[""Carbon Steel"", ""Steel""]",,870-535-7617,[],,,STI-SPFA,2026-06-17 03:41:58
234,More results may be available to logged in members. [Login](https://members.stispfa.org/login),,,,"[""STI/SPFA Member""]",Steel Tank / Pipe Fabricator,"[""Carbon Steel"", ""Steel""]",,,[],,,STI-SPFA,2026-06-17 03:33:17
434,"Spartan, Inc.'s website",http://spartaninc.net/,"Dubuque, IA",,"[""STI/SPFA Member""]",Steel Tank / Pipe Fabricator,"[""Carbon Steel"", ""Steel""]",,,[],,,STI-SPFA,2026-06-17 03:41:58
439,Morrison Bros. Co.'s website,https://www.morbros.com/,,,"[""STI/SPFA Member""]",Steel Tank / Pipe Fabricator,"[""Carbon Steel"", ""Steel""]",,,[],,,STI-SPFA,2026-06-17 03:41:58
445,Garzo Inc dba Engine & Compressor Accessories's website,https://www.daytank.com/,,,"[""STI/SPFA Member""]",Steel Tank / Pipe Fabricator,"[""Carbon Steel"", ""Steel""]",,951-903-8002,[],,,STI-SPFA,2026-06-17 03:41:58
449,"Long Industries, Inc.'s website",https://longindustries.us/,,,"[""STI/SPFA Member""]",Steel Tank / Pipe Fabricator,"[""Carbon Steel"", ""Steel""]",,,[],,,STI-SPFA,2026-06-17 03:41:58
451,Tank Solutions (Lesweek Pty Ltd.) Fibre's website,https://www.tanksolutions.com.au/,"Charlotte, NC",,"[""STI/SPFA Member""]",Steel Tank / Pipe Fabricator,"[""Carbon Steel"", ""Steel""]",,,[],,,STI-SPFA,2026-06-17 03:41:58
454,Ward Vessel & Exchanger Corp. (Charlotte)'s website,https://www.wardvesselandexchanger.com/,"Columbia, SC",,"[""STI/SPFA Member""]",Steel Tank / Pipe Fabricator,"[""Carbon Steel"", ""Steel""]",,,[],,,STI-SPFA,2026-06-17 03:41:58
458,"American Spiralweld Pipe Company, LLC (Columbia)'s website",https://www.american-usa.com/products/spiral-welded-steel-pipe,,,"[""STI/SPFA Member""]",Steel Tank / Pipe Fabricator,"[""Carbon Steel"", ""Steel""]",,913-645-9140,[],,,STI-SPFA,2026-06-17 03:41:58
465,Southern Heat Exchanger's website,https://www.sheco.com/,,,"[""STI/SPFA Member""]",Steel Tank / Pipe Fabricator,"[""Carbon Steel"", ""Steel""]",,209-622-7839,[],,,STI-SPFA,2026-06-17 03:41:58
469,Samuel Pressure Vessel Group's website,http://www.samuelpressurevesselgroup.com/,"Sioux Falls, SD",,"[""STI/SPFA Member""]",Steel Tank / Pipe Fabricator,"[""Carbon Steel"", ""Steel""]",,,[],,,STI-SPFA,2026-06-17 03:41:58
471,Maguire's website,https://maguirewater.com/,"Pine Bluff, AR",,"[""STI/SPFA Member""]",Steel Tank / Pipe Fabricator,"[""Carbon Steel"", ""Steel""]",,,[],,,STI-SPFA,2026-06-17 03:41:58
474,Login to ASME CA Connect Company Portal,https://signin.asme.org/idp/login?app=0sp4x000000k9j2&RelayState=https%3A%2F%2Fcaconnect.asme.org&expid=caconnect,,,"[""ASME Certified""]",Pressure Equipment Manufacturer,[],,,[],,,ASME-CACONNECT,2026-06-17 03:41:37
611,NSK Corporation,https://www.nsk.com/products/bearing-units/ball-bearing-units/,"Goss Road Ann Arbor, MI",,"[""CEMA Member""]",Conveyor Equipment Manufacturer,[],fabiana.maggico@nsk.com,17234966657,[],,,CEMA wp-json,2026-06-17 03:41:30
612,OMCO SUMO,https://omcosumo.com/solutions/bearings/,"Armour Road Oconomowoc, WI",,"[""CEMA Member""]",Conveyor Equipment Manufacturer,[],info@omcosumo.com,17223658872,[],,,CEMA wp-json,2026-06-17 03:41:30
613,"STASSKOL, Inc.",https://www.stasskol.de/en/mixer-seals-sdf-series/,"East Summitry Circle Katy, TX",,"[""CEMA Member""]",Conveyor Equipment Manufacturer,[],,17163256163,[],,,CEMA wp-json,2026-06-17 03:41:30
614,CinchSeal Rotary Shaft Seals,https://cinchseal.com/product/airless-rotary-face-seal/,"Cherry Hill, NJ",,"[""CEMA Member""]",Conveyor Equipment Manufacturer,[],,17138213501,[],,,CEMA wp-json,2026-06-17 03:41:30
615,Russell Conveyor and Equipment,https://www.russellconveyor.com/,"Elkin, NC",,"[""CEMA Member""]",Conveyor Equipment Manufacturer,[],edrussell@russellconveyor.com,336-526-3014,[],,,CEMA wp-json,2026-06-17 03:41:30
616,SemperTrans,https://conveyor-belts.semperitgroup.com/,,,"[""CEMA Member""]",Conveyor Equipment Manufacturer,[],,,[],,,CEMA wp-json,2026-06-17 03:41:30
617,Proposed Template Profile Page,https://www.materialhandlingtech.com/solutions/conveyor-sortation-systems/,"Drive Morrisville, NC",,"[""CEMA Member""]",Conveyor Equipment Manufacturer,[],,17138859821,[],,,CEMA wp-json,2026-06-17 03:41:30
618,Safari Belting Systems,https://www.safaribelting.com/,"Olathe, KS",,"[""CEMA Member""]",Conveyor Equipment Manufacturer,"[""Plastic""]",,,[],,,CEMA wp-json,2026-06-17 03:41:30
619,Siemens Industry,https://new.siemens.com/global/en/markets/intralogistics.html,,,"[""CEMA Member""]",Conveyor Equipment Manufacturer,[],,,[],,,CEMA wp-json,2026-06-17 03:41:30
620,Fortna,http://https://www.fortna.com/,,,"[""CEMA Member""]",Conveyor Equipment Manufacturer,[],,,[],,,CEMA wp-json,2026-06-17 03:41:30
621,Salina Vortex Corporation,http://www.vortexglobal.com,,,"[""CEMA Member""]",Conveyor Equipment Manufacturer,[],,,[],,,CEMA wp-json,2026-06-17 03:41:30
622,DISMET SAS,https://www.dismet.com/rodilleria-y-componentes-para-banda-transportadora/,,,"[""CEMA Member""]",Conveyor Equipment Manufacturer,[],,,[],,,CEMA wp-json,2026-06-17 03:41:30
623,FAST Global Solutions,https://fastsolutions.com/conveyors/,,,"[""CEMA Member""]",Conveyor Equipment Manufacturer,[],,,[],,,CEMA wp-json,2026-06-17 03:41:30
624,Cambelt International LLC,https://cambelt.com/,,,"[""CEMA Member""]",Conveyor Equipment Manufacturer,[],,,[],,,CEMA wp-json,2026-06-17 03:41:30
625,"Overland Conveyor Company, Inc",,,,"[""CEMA Member""]",Conveyor Equipment Manufacturer,[],,,[],,,CEMA wp-json,2026-06-17 03:41:30
626,"Smith Monroe Gray Engineers, Inc.",http://www.smgengr.com,,,"[""CEMA Member""]",Conveyor Equipment Manufacturer,"[""Plastic""]",,,[],,,CEMA wp-json,2026-06-17 03:41:30
627,RegalRexnord,,,,"[""CEMA Member""]",Conveyor Equipment Manufacturer,[],,,[],,,CEMA wp-json,2026-06-17 03:41:30
628,"TAKRAF USA, INC.",http://www.TAKRAF.com,,,"[""CEMA Member""]",Conveyor Equipment Manufacturer,[],,,[],,,CEMA wp-json,2026-06-17 03:41:30
629,Terra Source Global,https://terrasource.com/equipment/pneumatic-conveying-systems-by-jeffrey-rader-brand/,,,"[""CEMA Member""]",Conveyor Equipment Manufacturer,[],,,[],,,CEMA wp-json,2026-06-17 03:41:30
630,"Ingenium Design, LLC",http://www.ingeniumdesign.us,,,"[""CEMA Member""]",Conveyor Equipment Manufacturer,[],,,[],,,CEMA wp-json,2026-06-17 03:41:30
631,Hatch Ltd.,http://www.pneucalc.com,,,"[""CEMA Member""]",Conveyor Equipment Manufacturer,[],,,[],,,CEMA wp-json,2026-06-17 03:41:30
632,"Dos Santos International, LLC",https://dossantosintl.com/excontec-expanded-conveyor-technology/,,,"[""CEMA Member""]",Conveyor Equipment Manufacturer,[],,,[],,,CEMA wp-json,2026-06-17 03:41:30
633,Power Tech de Mexico,,,,"[""CEMA Member""]",Conveyor Equipment Manufacturer,[],,,[],,,CEMA wp-json,2026-06-17 03:41:30
634,Screw Conveyor Parts,http://www.screwconveyorparts.com,,,"[""CEMA Member""]",Conveyor Equipment Manufacturer,[],,,[],,,CEMA wp-json,2026-06-17 03:41:30
635,Lassing Dibben Consulting Engineers Ltd,https://www.lassingdibben.com/services/,,,"[""CEMA Member""]",Conveyor Equipment Manufacturer,[],,,[],,,CEMA wp-json,2026-06-17 03:41:30
636,R.E. Wedding Associates Consulting Engineers,https://www.rewassociates.com/,,,"[""CEMA Member""]",Conveyor Equipment Manufacturer,[],,,[],,,CEMA wp-json,2026-06-17 03:41:30
637,Raw Resources Group,https://rawresourcesgroup.com/,,,"[""CEMA Member""]",Conveyor Equipment Manufacturer,[],,,[],,,CEMA wp-json,2026-06-17 03:41:30
638,"RToddS Engineering, LLC",http://www.rtodds-eng.com,,,"[""CEMA Member""]",Conveyor Equipment Manufacturer,[],,,[],,,CEMA wp-json,2026-06-17 03:41:30
639,"Conveyor Dynamics, Inc.",https://www.cvdyn.com/overland-conveyor-design/,,,"[""CEMA Member""]",Conveyor Equipment Manufacturer,[],,,[],,,CEMA wp-json,2026-06-17 03:41:30
640,"Jim Myers & Sons, Inc.",http://www.jmsequipment.com,,"72,000 sq ft","[""CEMA Member""]",Conveyor Equipment Manufacturer,[],,,[],,,CEMA wp-json,2026-06-17 03:41:30
641,Beumer Corporation,https://www.beumergroup.com/pd/conveyors-technology/apron-conveyors/,,,"[""CEMA Member""]",Conveyor Equipment Manufacturer,[],,,[],,,CEMA wp-json,2026-06-17 03:41:30
642,Cisco-Eagle,https://www.cisco-eagle.com/vector/170/conveyor-systems,,,"[""CEMA Member""]",Conveyor Equipment Manufacturer,[],,,[],,,CEMA wp-json,2026-06-17 03:41:30
643,BeltService Corporation,,,,"[""CEMA Member""]",Conveyor Equipment Manufacturer,"[""Plastic""]",,,[],,,CEMA wp-json,2026-06-17 03:41:30
644,Automation Controls Group,,,,"[""CEMA Member""]",Conveyor Equipment Manufacturer,[],,,[],,,CEMA wp-json,2026-06-17 03:41:30
645,Gates Corporation,,,,"[""CEMA Member""]",Conveyor Equipment Manufacturer,[],,,[],,,CEMA wp-json,2026-06-17 03:41:30
646,REMA Tip Top,,,,"[""CEMA Member""]",Conveyor Equipment Manufacturer,[],,,[],,,CEMA wp-json,2026-06-17 03:41:30
647,FMH Conveyors,,,,"[""CEMA Member""]",Conveyor Equipment Manufacturer,[],,,[],,,CEMA wp-json,2026-06-17 03:41:30
648,SPIRAC® (USA) INC.,,,,"[""CEMA Member""]",Conveyor Equipment Manufacturer,[],,,[],,,CEMA wp-json,2026-06-17 03:41:30
649,Mantis Conveyor Products,https://mantis-mfg.com/product-category/trough-assemblies/,"Riverbend Place Claremont, NH",,"[""CEMA Member""]",Conveyor Equipment Manufacturer,[],,17187298763,[],,,CEMA wp-json,2026-06-17 03:41:30
650,LENZE AMERICAS,https://www.lenze.com/en-us,,,"[""CEMA Member""]",Conveyor Equipment Manufacturer,[],,,[],,,CEMA wp-json,2026-06-17 03:41:30
651,Ashland Conveyor Products,https://www.ashlandconveyor.com/collections/roller-conveyor,,,"[""CEMA Member""]",Conveyor Equipment Manufacturer,[],,,[],,,CEMA wp-json,2026-06-17 03:41:30
652,Brother International Corporation,,,,"[""CEMA Member""]",Conveyor Equipment Manufacturer,[],,,[],,,CEMA wp-json,2026-06-17 03:41:30
653,BASTIAN SOLUTIONS,,"Floor Second Floor Carmel, IN",,"[""CEMA Member""]",Conveyor Equipment Manufacturer,[],,17238223777,[],,,CEMA wp-json,2026-06-17 03:41:30
654,"ADVANCED CONVEYOR TECHNOLOGIES, INC.",,,,"[""CEMA Member""]",Conveyor Equipment Manufacturer,[],,,[],,,CEMA wp-json,2026-06-17 03:41:30
655,SERGIO ZAMORANO INGENIERIA (ZING) eirl,,,,"[""CEMA Member""]",Conveyor Equipment Manufacturer,[],,,[],,,CEMA wp-json,2026-06-17 03:41:30
656,QUALITY STEEL PRODUCTS,,,,"[""CEMA Member""]",Conveyor Equipment Manufacturer,[],,,[],,,CEMA wp-json,2026-06-17 03:41:30
657,"WOODEX BEARING COMPANY, INC./MECO Seal",https://woodex-meco.com/,,,"[""CEMA Member""]",Conveyor Equipment Manufacturer,"[""Plastic""]",,,[],,,CEMA wp-json,2026-06-17 03:41:30
658,"SST Conveyor Components, Inc.",,,,"[""CEMA Member""]",Conveyor Equipment Manufacturer,[],,,[],,,CEMA wp-json,2026-06-17 03:41:30
659,Talos Engineered Products,,,,"[""CEMA Member""]",Conveyor Equipment Manufacturer,[],,,[],,,CEMA wp-json,2026-06-17 03:41:30
660,West River Conveyors & Machinery Co.,,,,"[""CEMA Member""]",Conveyor Equipment Manufacturer,[],,,[],,,CEMA wp-json,2026-06-17 03:41:30
661,NORD DRIVESYSTEMS,https://www.nord.com,,,"[""CEMA Member""]",Conveyor Equipment Manufacturer,[],,,[],,,CEMA wp-json,2026-06-17 03:41:30
662,Timken/Drives/Diamond,,,,"[""CEMA Member""]",Conveyor Equipment Manufacturer,[],,,[],,,CEMA wp-json,2026-06-17 03:41:30
663,"Dodge Industrial, Inc.",http://www.dodgeindustrial.com,,,"[""CEMA Member""]",Conveyor Equipment Manufacturer,[],,,[],,,CEMA wp-json,2026-06-17 03:41:30
664,"LICO, Inc.",,,,"[""CEMA Member""]",Conveyor Equipment Manufacturer,[],,,[],,,CEMA wp-json,2026-06-17 03:41:30
665,"Webster Industries, Inc.",,,,"[""CEMA Member""]",Conveyor Equipment Manufacturer,[],,,[],,,CEMA wp-json,2026-06-17 03:41:30
666,WAM Inc.,https://www.waminc.com,,,"[""CEMA Member""]",Conveyor Equipment Manufacturer,[],,,[],,,CEMA wp-json,2026-06-17 03:41:30
667,"ContiTech North America, Inc.",https://www.contitech.us,,,"[""CEMA Member""]",Conveyor Equipment Manufacturer,[],,,[],,,CEMA wp-json,2026-06-17 03:41:30
668,"U.S. Tsubaki, Inc.",,,,"[""CEMA Member""]",Conveyor Equipment Manufacturer,[],,,[],,,CEMA wp-json,2026-06-17 03:41:30
669,"Transnorm System, Inc.",,,,"[""CEMA Member""]",Conveyor Equipment Manufacturer,"[""Fiberglass""]",,,[],,,CEMA wp-json,2026-06-17 03:41:30
670,"TKF Conveyor Systems, LLC",https://www.tkf.com,,,"[""CEMA Member""]",Conveyor Equipment Manufacturer,[],,,[],,,CEMA wp-json,2026-06-17 03:41:30
671,Thomas Conveyor Company,,,,"[""CEMA Member""]",Conveyor Equipment Manufacturer,"[""Plastic""]",,,[],,,CEMA wp-json,2026-06-17 03:41:30
672,"Superior Industries, Inc.",https://www.superior-ind.com,,,"[""CEMA Member""]",Conveyor Equipment Manufacturer,[],,,[],,,CEMA wp-json,2026-06-17 03:41:30
673,"Summerlot Engineered Products, Inc.",,,,"[""CEMA Member""]",Conveyor Equipment Manufacturer,"[""Plastic""]",,,[],,,CEMA wp-json,2026-06-17 03:41:30
674,Sumitomo Machinery Corporation of America,,,,"[""CEMA Member""]",Conveyor Equipment Manufacturer,[],,,[],,,CEMA wp-json,2026-06-17 03:41:30
675,"Stober Drives, Inc.",https://www.stober.com,,,"[""CEMA Member""]",Conveyor Equipment Manufacturer,[],,,[],,,CEMA wp-json,2026-06-17 03:41:30
676,Metso Minerals,,,,"[""CEMA Member""]",Conveyor Equipment Manufacturer,[],,,[],,,CEMA wp-json,2026-06-17 03:41:30
677,Screw Conveyor Corporation,,,,"[""CEMA Member""]",Conveyor Equipment Manufacturer,[],,,[],,,CEMA wp-json,2026-06-17 03:41:30
678,Schneider Electric,https://www.us.schneider-electric.com,,,"[""CEMA Member""]",Conveyor Equipment Manufacturer,[],,,[],,,CEMA wp-json,2026-06-17 03:41:30
679,"Richwood Industries, Inc.",https://www.richwood.com,,,"[""CEMA Member""]",Conveyor Equipment Manufacturer,[],,,[],,,CEMA wp-json,2026-06-17 03:41:30
680,"Rexnord, LLC",https://www.rexnord.com,,,"[""CEMA Member""]",Conveyor Equipment Manufacturer,"[""Plastic""]",,,[],,,CEMA wp-json,2026-06-17 03:41:30
681,Rapat Corporation,https://www.rapat.com,,,"[""CEMA Member""]",Conveyor Equipment Manufacturer,[],,,[],,,CEMA wp-json,2026-06-17 03:41:30
682,"Ralphs-Pugh Co., Inc.",https://www.ralphs-pugh.com,,,"[""CEMA Member""]",Conveyor Equipment Manufacturer,"[""Plastic""]",,,[],,,CEMA wp-json,2026-06-17 03:41:30
683,Rulmeca Canada Limited,,,,"[""CEMA Member""]",Conveyor Equipment Manufacturer,"[""Nickel""]",,,[],,,CEMA wp-json,2026-06-17 03:41:30
684,Precision Pulley and Idler Co. (PPI),,,,"[""CEMA Member""]",Conveyor Equipment Manufacturer,[],,,[],,,CEMA wp-json,2026-06-17 03:41:30
685,"Prab, Inc. / Prab / Hapman",https://www.prab.com,,,"[""CEMA Member""]",Conveyor Equipment Manufacturer,"[""Plastic""]",,,[],,,CEMA wp-json,2026-06-17 03:41:30
686,Interroll,,,,"[""CEMA Member""]",Conveyor Equipment Manufacturer,[],,,[],,,CEMA wp-json,2026-06-17 03:41:30
687,PEER Chain,https://www.peerchain.com/,,,"[""CEMA Member""]",Conveyor Equipment Manufacturer,[],,,[],,,CEMA wp-json,2026-06-17 03:41:30
688,PEER Bearing Company,,,,"[""CEMA Member""]",Conveyor Equipment Manufacturer,[],,,[],,,CEMA wp-json,2026-06-17 03:41:30
689,Continental Global Material Handling,,,,"[""CEMA Member""]",Conveyor Equipment Manufacturer,[],,,[],,,CEMA wp-json,2026-06-17 03:41:30
690,"Maxi-Lift, Inc.",https://www.maxilift.com,,,"[""CEMA Member""]",Conveyor Equipment Manufacturer,[],,,[],,,CEMA wp-json,2026-06-17 03:41:30
691,"Martin Sprocket & Gear, Inc.",https://www.martinsprocket.com,,,"[""CEMA Member""]",Conveyor Equipment Manufacturer,[],,,[],,,CEMA wp-json,2026-06-17 03:41:30
692,Martin Engineering Company,,,,"[""CEMA Member""]",Conveyor Equipment Manufacturer,[],,,[],,,CEMA wp-json,2026-06-17 03:41:30
693,Luff Industries LTD.,https://www.luffindustries.com,,,"[""CEMA Member""]",Conveyor Equipment Manufacturer,"[""Stainless Steel""]",,,[],,,CEMA wp-json,2026-06-17 03:41:30
694,"OCS IntelliTrak, Inc.",,,,"[""CEMA Member""]",Conveyor Equipment Manufacturer,"[""Plastic""]",,,[],,,CEMA wp-json,2026-06-17 03:41:30
695,"Automatic Systems, Inc.",https://www.asi.com,,,"[""CEMA Member""]",Conveyor Equipment Manufacturer,[],,,[],,,CEMA wp-json,2026-06-17 03:41:30
696,"LEWCO, INC.",https://www.lewcoinc.com,,,"[""CEMA Member""]",Conveyor Equipment Manufacturer,[],,,[],,,CEMA wp-json,2026-06-17 03:41:30
697,"KWS Manufacturing Company, LTD.",https://www.kwsmfg.com,"Burleson, TX",,"[""CEMA Member""]",Conveyor Equipment Manufacturer,[],,,[],,,CEMA wp-json,2026-06-17 03:41:30
698,"Kolberg-Pioneer, Inc.",https://www.kolbergpioneer.com,,,"[""CEMA Member""]",Conveyor Equipment Manufacturer,[],,,[],,,CEMA wp-json,2026-06-17 03:41:30
699,KMEC Engineering & Conveying Systems,,,,"[""CEMA Member""]",Conveyor Equipment Manufacturer,[],,,[],,,CEMA wp-json,2026-06-17 03:41:30
700,Kase Conveyors,https://www.kaseconveyors.com,,,"[""CEMA Member""]",Conveyor Equipment Manufacturer,"[""Plastic""]",,,[],,,CEMA wp-json,2026-06-17 03:41:30
701,Kasa Companies,,,,"[""CEMA Member""]",Conveyor Equipment Manufacturer,"[""Aluminum"", ""Plastic""]",,,[],,,CEMA wp-json,2026-06-17 03:41:30
702,Mission of the Technical Committee,http://www.ras-inc.com/,,,"[""TEMA Member""]",Heat Exchanger Manufacturer,"[""Carbon Steel"", ""Stainless Steel""]",,,[],,,TEMA,2026-06-17 03:41:32
704,![Alabama Heat Exchangers,https://tema.org/wp-content/uploads/2023/08/AlabamaHeatExchangers_Logo.png,,,"[""TEMA Member""]",Heat Exchanger Manufacturer,"[""Carbon Steel"", ""Stainless Steel""]",,,[],,,TEMA,2026-06-17 03:41:32
705,"![Brask Inc, The Heat Exchanger People",https://tema.org/wp-content/uploads/2025/08/302021923_Design_v4.jpg,,,"[""TEMA Member""]",Heat Exchanger Manufacturer,"[""Carbon Steel"", ""Stainless Steel""]",,,[],,,TEMA,2026-06-17 03:41:32
706,![Harris Thermal Transfer Products Logo,https://tema.org/wp-content/uploads/2025/10/Harris-Logo-long-1.png,,,"[""TEMA Member""]",Heat Exchanger Manufacturer,"[""Carbon Steel"", ""Stainless Steel""]",,,[],,,TEMA,2026-06-17 03:41:32
708,3030 M Street,http://spartaninc.net/,"Bakersfield, CA",,"[""STI/SPFA Member""]",Steel Tank / Pipe Fabricator,"[""Carbon Steel"", ""Steel""]",,661-327-1205,[],,,STI-SPFA,2026-06-17 03:41:58
713,570 East 7th Street,https://www.morbros.com/,"Dubuque, IA",,"[""STI/SPFA Member""]",Steel Tank / Pipe Fabricator,"[""Carbon Steel"", ""Steel""]",,563-583-5701,[],,,STI-SPFA,2026-06-17 03:41:58
716,View Email,"https://members.stispfa.org/members/secure-contact?customerId=b10cf0d7-d0b0-4479-859b-fb0b7e6cd461 ""View Email""","Waller, TX",,"[""STI/SPFA Member""]",Steel Tank / Pipe Fabricator,"[""Carbon Steel"", ""Steel""]",,,[],,,STI-SPFA,2026-06-17 03:41:58
719,42146 U.S. 290 Business,https://www.daytank.com/,"Waller, TX",,"[""STI/SPFA Member""]",Steel Tank / Pipe Fabricator,"[""Carbon Steel"", ""Steel""]",,713-466-8679,[],,,STI-SPFA,2026-06-17 03:41:58
739,5050 Old Montgomery Highway,https://www.sheco.com/,"Tuscaloosa, AL",,"[""STI/SPFA Member""]",Steel Tank / Pipe Fabricator,"[""Carbon Steel"", ""Steel""]",,205-345-5335,[],,,STI-SPFA,2026-06-17 03:41:58
754,"801 W Front Street Florence, NJ 08518",https://www.dcfab.com/,"Simko Blvd Charleroi, PA",,"[""HEI Member""]",Heat Exchange Manufacturer,"[""Carbon Steel"", ""Stainless Steel""]",,609.499.3000,[],,,HEI,2026-06-17 03:41:32
760,"7387 West 162nd Street Stilwell, KS 66085",http://www.deaerator.com,"West Channel Road Catoosa, OK",,"[""HEI Member""]",Heat Exchange Manufacturer,"[""Carbon Steel"", ""Stainless Steel""]",,913.338.2111,[],,,HEI,2026-06-17 03:41:32
770,Jorgensen Conveyor and Filtration Solutions,,,,"[""CEMA Member""]",Conveyor Equipment Manufacturer,"[""Aluminum"", ""Plastic""]",,,[],,,CEMA wp-json,2026-06-17 03:41:35
771,"Itoh Denki USA, Inc.",https://www.itohdenki.com,,,"[""CEMA Member""]",Conveyor Equipment Manufacturer,[],,,[],,,CEMA wp-json,2026-06-17 03:41:35
772,Honeywell Intelligrated,,,,"[""CEMA Member""]",Conveyor Equipment Manufacturer,[],,,[],,,CEMA wp-json,2026-06-17 03:41:35
773,ISC Industrial Manufacturing,,,,"[""CEMA Member""]",Conveyor Equipment Manufacturer,[],,,[],,,CEMA wp-json,2026-06-17 03:41:35
774,"Industrial Kinetics, Inc.",https://www.iki.com,,,"[""CEMA Member""]",Conveyor Equipment Manufacturer,[],,,[],,,CEMA wp-json,2026-06-17 03:41:35
775,"Hytrol Conveyor Company, Inc.",https://www.hytrol.com,,,"[""CEMA Member""]",Conveyor Equipment Manufacturer,"[""Plastic""]",,,[],,,CEMA wp-json,2026-06-17 03:41:35
776,"SENQCIA MAXCO, Ltd.",,,,"[""CEMA Member""]",Conveyor Equipment Manufacturer,[],,,[],,,CEMA wp-json,2026-06-17 03:41:35
777,Frantz Manufacturing Company,https://www.frantz-mfg.com,,,"[""CEMA Member""]",Conveyor Equipment Manufacturer,[],,,[],,,CEMA wp-json,2026-06-17 03:41:35
778,Syntron Material Handling,,,,"[""CEMA Member""]",Conveyor Equipment Manufacturer,[],,,[],,,CEMA wp-json,2026-06-17 03:41:35
779,"Flow-Turn, Inc.",https://www.flow-turn.com,,,"[""CEMA Member""]",Conveyor Equipment Manufacturer,[],,,[],,,CEMA wp-json,2026-06-17 03:41:35
780,Flexco,https://www.flexco.com,,,"[""CEMA Member""]",Conveyor Equipment Manufacturer,[],,,[],,,CEMA wp-json,2026-06-17 03:41:35
781,Fenner Dunlop Conveyor Belting,https://fennerdunlopamericas.com/,,,"[""CEMA Member""]",Conveyor Equipment Manufacturer,[],,,[],,,CEMA wp-json,2026-06-17 03:41:35
782,Eriez Magnetics,https://www.eriez.com,,,"[""CEMA Member""]",Conveyor Equipment Manufacturer,"[""Plastic""]",,,[],,,CEMA wp-json,2026-06-17 03:41:35
783,"Regal Beloit America, Inc.",,,,"[""CEMA Member""]",Conveyor Equipment Manufacturer,[],,,[],,,CEMA wp-json,2026-06-17 03:41:35
784,Douglas | Rulmeca,https://www.douglasmanufacturing.com/pulleys/,"Park Drive Pell City, AL",,"[""CEMA Member""]",Conveyor Equipment Manufacturer,[],,17138045395,[],,,CEMA wp-json,2026-06-17 03:41:35
785,Dorris Gear Drives,https://www.dorrisco.com,,,"[""CEMA Member""]",Conveyor Equipment Manufacturer,[],,,[],,,CEMA wp-json,2026-06-17 03:41:35
786,Dematic Corp.,https://www.dematic.com,,,"[""CEMA Member""]",Conveyor Equipment Manufacturer,[],,,[],,,CEMA wp-json,2026-06-17 03:41:35
787,"Conveyors, Incorporated",https://www.conveyorsinc.net,,,"[""CEMA Member""]",Conveyor Equipment Manufacturer,[],,,[],,,CEMA wp-json,2026-06-17 03:41:35
788,Conveyor Components Company,https://www.conveyorcomponents.com,,,"[""CEMA Member""]",Conveyor Equipment Manufacturer,[],,,[],,,CEMA wp-json,2026-06-17 03:41:35
789,Conveyance Solutions by Continental,https://www.continentalscrew.com,,,"[""CEMA Member""]",Conveyor Equipment Manufacturer,[],,,[],,,CEMA wp-json,2026-06-17 03:41:35
790,The Timken Company,,,,"[""CEMA Member""]",Conveyor Equipment Manufacturer,[],,,[],,,CEMA wp-json,2026-06-17 03:41:35
791,"Wynright, A Daifuku Webb Company",https://www.wynrightproducts.com/products/conveyor/#belt,,,"[""CEMA Member""]",Conveyor Equipment Manufacturer,[],,,[],,,CEMA wp-json,2026-06-17 03:41:35
792,"Automated Conveyor Systems, Inc.",https://www.automatedconveyors.com/,,,"[""CEMA Member""]",Conveyor Equipment Manufacturer,[],,,[],,,CEMA wp-json,2026-06-17 03:41:35
793,ASGCO “Complete Conveyor Solutions”,,,,"[""CEMA Member""]",Conveyor Equipment Manufacturer,[],,,[],,,CEMA wp-json,2026-06-17 03:41:35
794,Argonics Inc.,,,,"[""CEMA Member""]",Conveyor Equipment Manufacturer,[],,,[],,,CEMA wp-json,2026-06-17 03:41:35
795,"Arch Environmental Equipment, Inc.",,,,"[""CEMA Member""]",Conveyor Equipment Manufacturer,[],,,[],,,CEMA wp-json,2026-06-17 03:41:35
796,"American Roller, SA de C.V.",,,,"[""CEMA Member""]",Conveyor Equipment Manufacturer,[],,,[],,,CEMA wp-json,2026-06-17 03:41:35
798,404 - Page Not Found,https://www.nationalboard.org/,,,"[""NBIC R Stamp""]",Pressure Equipment Repair,[],,,[],,,NBIC-R-Stamp,2026-06-17 03:41:40
930,Mid South Steam Boiler Engineering CO INC,,"Van Buren, AR",,[],,[],,,[],,https://www.thomasnet.com/company/mid-south-steam-boiler-engineering-co-inc-1308761/profile,Thomasnet:asme-code-pressure-vessels:arkansas,2026-06-17 03:48:40
931,"Lexicon, Inc.",,"Little Rock, AR",,[],,[],,,[],,https://www.thomasnet.com/company/lexicon-inc-30982009/profile,Thomasnet:asme-code-pressure-vessels:arkansas,2026-06-17 03:48:40
932,Amsco Conveyor Systems,,"Pine Bluff, AR",,[],,[],,,[],,https://www.thomasnet.com/company/amsco-conveyor-systems-1244425/profile,Thomasnet:asme-code-pressure-vessels:arkansas,2026-06-17 03:43:20
933,Alair,,"Jacksonville, AR",,[],,[],,,[],,https://www.thomasnet.com/company/alair-460492/profile,Thomasnet:asme-code-pressure-vessels:arkansas,2026-06-17 03:43:20
934,Halgo INC,,"Little Rock, AR",,[],,[],,,[],,https://www.thomasnet.com/company/halgo-inc-1274804/profile,Thomasnet:asme-code-pressure-vessels:arkansas,2026-06-17 03:43:20
936,"Springs Fabrication, Inc.",,"Colorado Springs, CO",,[],,[],,,[],,https://www.thomasnet.com/company/springs-fabrication-inc-10043588/profile,Thomasnet:asme-code-pressure-vessels:colorado,2026-06-17 03:43:20
937,"Bentley Welding, Inc.",,"Greeley, CO",,[],,[],,,[],,https://www.thomasnet.com/company/bentley-welding-inc-30933519/profile,Thomasnet:asme-code-pressure-vessels:colorado,2026-06-17 03:43:20
938,Precision Pipe Vessel LLC,,"Commerce City, CO",,[],,[],,,[],,https://www.thomasnet.com/company/precision-pipe-vessel-llc-10099363/profile,Thomasnet:asme-code-pressure-vessels:colorado,2026-06-17 03:43:20
939,St Louis Pipe Supply,,"Denver, CO",,[],,[],,,[],,https://www.thomasnet.com/company/st-louis-pipe-supply-10033890/profile,Thomasnet:asme-code-pressure-vessels:colorado,2026-06-17 03:43:20
941,Longero INC,,"Denver, CO",,[],,[],,,[],,https://www.thomasnet.com/company/longero-inc-1189043/profile,Thomasnet:asme-code-pressure-vessels:colorado,2026-06-17 03:43:20
942,Castle Welding & Inspection,,"Lakewood, CO",,[],,[],,,[],,https://www.thomasnet.com/company/castle-welding-inspection-30826740/profile,Thomasnet:asme-code-pressure-vessels:colorado,2026-06-17 03:43:20
943,Western Steel Boiler CO,,"Denver, CO",,[],,[],,,[],,https://www.thomasnet.com/company/western-steel-boiler-co-10041728/profile,Thomasnet:asme-code-pressure-vessels:colorado,2026-06-17 03:43:20
946,Denver Mineral Engineers INC,,"Littleton, CO",,[],,[],,,[],,https://www.thomasnet.com/company/denver-mineral-engineers-inc-1234664/profile,Thomasnet:asme-code-pressure-vessels:colorado,2026-06-17 03:43:20
947,Leed Fabrication Services,,"Brighton, CO",,[],,[],,,[],,https://www.thomasnet.com/company/leed-fabrication-services-10079393/profile,Thomasnet:asme-code-pressure-vessels:colorado,2026-06-17 03:43:20
948,"Apex Piping Systems, Inc.",,"Newport, DE",,[],,[],,,[],,https://www.thomasnet.com/company/apex-piping-systems-inc-142449/profile,Thomasnet:asme-code-pressure-vessels:delaware,2026-06-17 03:43:20
949,"Graver Technologies, LLC",,"Glasgow, DE",,[],,[],,,[],,https://www.thomasnet.com/company/graver-technologies-llc-1029540/profile,Thomasnet:asme-code-pressure-vessels:delaware,2026-06-17 03:43:20
950,Supercritical Fluid Technologies INC,,"Newark, DE",,[],,[],,,[],,https://www.thomasnet.com/company/supercritical-fluid-technologies-inc-20077764/profile,Thomasnet:asme-code-pressure-vessels:delaware,2026-06-17 03:43:20
951,Reynolds Culligan,,"West Reading, PA",,[],,[],,,[],,https://www.thomasnet.com/company/reynolds-culligan-144207/profile,Thomasnet:frp-tanks:delaware,2026-06-17 03:44:02
953,Allied Steel Products Corp,,"Newport, DE",,[],,[],,,[],,https://www.thomasnet.com/company/allied-steel-products-corp-10096218/profile,Thomasnet:asme-code-pressure-vessels:delaware,2026-06-17 03:43:20
954,Sheet Metal Contracting CO INC,,"Bear, DE",,[],,[],,,[],,https://www.thomasnet.com/company/sheet-metal-contracting-co-inc-135297/profile,Thomasnet:asme-code-pressure-vessels:delaware,2026-06-17 03:43:20
955,"JFD Tube & Coil Products, Inc.",,"Hamden, CT",,[],,[],,,[],,https://www.thomasnet.com/company/jfd-tube-coil-products-inc-473727/profile,Thomasnet:asme-code-pressure-vessels:connecticut,2026-06-17 03:43:22
956,F.W. Webb Company,,"Hartford, CT",,[],,[],,,[],,https://www.thomasnet.com/company/f-w-webb-company-400881/profile,Thomasnet:frp-tanks:connecticut,2026-06-17 03:44:06
957,Isun International Group,,"East Berlin, CT",,[],,[],,,[],,https://www.thomasnet.com/company/isun-international-group-1305390/profile,Thomasnet:asme-code-pressure-vessels:connecticut,2026-06-17 03:43:22
960,M M Welding INC,,"Glastonbury, CT",,[],,[],,,[],,https://www.thomasnet.com/company/m-m-welding-inc-10023921/profile,Thomasnet:asme-code-pressure-vessels:connecticut,2026-06-17 03:43:22
961,Eaton Crouse-Hinds Division,,"Bethel, CT",,[],,[],,,[],,https://www.thomasnet.com/company/eaton-crouse-hinds-division-834094/profile,Thomasnet:asme-code-pressure-vessels:connecticut,2026-06-17 03:43:22
962,Recor Welding CO INC,,"New Britain, CT",,[],,[],,,[],,https://www.thomasnet.com/company/recor-welding-co-inc-1309459/profile,Thomasnet:asme-code-pressure-vessels:connecticut,2026-06-17 03:43:22
963,Naugatuck Manufacturing Company INC,,"Waterbury, CT",,[],,[],,,[],,https://www.thomasnet.com/company/naugatuck-manufacturing-company-inc-10027512/profile,Thomasnet:asme-code-pressure-vessels:connecticut,2026-06-17 03:43:22
964,Gas Equipment Engineering Corporation,,"Milford, CT",,[],,[],,,[],,https://www.thomasnet.com/company/gas-equipment-engineering-corporation-467819/profile,Thomasnet:asme-code-pressure-vessels:connecticut,2026-06-17 03:43:22
965,Q Labtech LLC,,"Waterford, CT",,[],,[],,,[],,https://www.thomasnet.com/company/q-labtech-llc-30388425/profile,Thomasnet:asme-code-pressure-vessels:connecticut,2026-06-17 03:43:22
967,"Johnstone Company, Inc.",,"North Haven, CT",,[],,[],,,[],,https://www.thomasnet.com/company/johnstone-company-inc-10098628/profile,Thomasnet:asme-code-pressure-vessels:connecticut,2026-06-17 03:43:22
968,"T.J. Banisch, LLC",,"Madison, CT",,[],,[],,,[],,https://www.thomasnet.com/company/t-j-banisch-llc-10108078/profile,Thomasnet:asme-code-pressure-vessels:connecticut,2026-06-17 03:43:22
970,The Halvorsen Co.,https://www.halvorsenusa.com/,"Garfield Heights, OH 44125",,"[""ASME""]",Custom Manufacturer,[],,,[],1955,https://www.thomasnet.com/suppliers/northern-ohio/all-cities/asme-code-pressure-vessels-91721100,Thomasnet,2026-06-17 03:51:50
971,C.P. Eakes Co.,,"Greensboro, NC",,[],,[],,,[],,https://www.thomasnet.com/company/c-p-eakes-co-1059207/profile,Thomasnet:asme-code-pressure-vessels:georgia,2026-06-17 03:43:28
972,Factory Tour,,"Norcross, GA",,[],,[],,,[],,https://www.thomasnet.com/company/automated-machine-solutions-10070238/profile,Thomasnet:asme-code-pressure-vessels:georgia,2026-06-17 03:43:28
973,Southgate Process Equipment Inc,,"Canton, GA",,[],,[],,,[],,https://www.thomasnet.com/company/southgate-process-equipment-inc-30501728/profile,Thomasnet:asme-code-pressure-vessels:georgia,2026-06-17 03:43:28
974,Savanah Tank Equipment Corp,,"Savannah, GA",,[],,[],,,[],,https://www.thomasnet.com/company/savanah-tank-equipment-corp-30976632/profile,Thomasnet:asme-code-pressure-vessels:georgia,2026-06-17 03:43:28
975,Sigma Manufacturing,,"Marietta, GA",,[],,[],,,[],,https://www.thomasnet.com/company/sigma-manufacturing-30852999/profile,Thomasnet:asme-code-pressure-vessels:georgia,2026-06-17 03:43:28
976,Bitzer US Inc.,,"Flowery Branch, GA",,[],,[],,,[],,https://www.thomasnet.com/company/bitzer-us-inc-20084528/profile,Thomasnet:asme-code-pressure-vessels:georgia,2026-06-17 03:43:28
977,ROSS Mixers,,"Savannah, GA",,[],,[],,,[],,https://www.thomasnet.com/company/ross-mixers-444838/profile,Thomasnet:stainless-steel-tanks:georgia,2026-06-17 03:43:54
980,Crosslink Products CO INC,,"Emerson, GA",,[],,[],,,[],,https://www.thomasnet.com/company/crosslink-products-co-inc-1150901/profile,Thomasnet:asme-code-pressure-vessels:georgia,2026-06-17 03:43:28
981,National Boiler Service INC,,"Trenton, GA",,[],,[],,,[],,https://www.thomasnet.com/company/national-boiler-service-inc-30715507/profile,Thomasnet:asme-code-pressure-vessels:georgia,2026-06-17 03:43:28
982,"Munroe, Inc.",,"Ringgold, GA",,[],,[],,,[],,https://www.thomasnet.com/company/munroe-inc-1006774/profile,Thomasnet:asme-code-pressure-vessels:georgia,2026-06-17 03:43:28
984,Chart Industries,,"Ball Ground, GA",,[],,[],,,[],,https://www.thomasnet.com/company/chart-industries-10026385/profile,Thomasnet:asme-code-pressure-vessels:georgia,2026-06-17 03:43:28
985,Carbo Tech,,"Monroe, GA",,[],,[],,,[],,https://www.thomasnet.com/company/carbo-tech-10098200/profile,Thomasnet:asme-code-pressure-vessels:georgia,2026-06-17 03:43:28
987,"Modern Welding Co. of Kentucky, Inc.",,"Augusta, GA",,[],,[],,,[],,https://www.thomasnet.com/company/modern-welding-co-of-kentucky-inc-1083777/profile,Thomasnet:asme-code-pressure-vessels:georgia,2026-06-17 03:43:28
988,Industrial Metalworks INC,,"Savannah, GA",,[],,[],,,[],,https://www.thomasnet.com/company/industrial-metalworks-inc-23976/profile,Thomasnet:asme-code-pressure-vessels:georgia,2026-06-17 03:43:28
989,Advanced Vessel Alloy,,"Valdosta, GA",,[],,[],,,[],,https://www.thomasnet.com/company/advanced-vessel-alloy-977909/profile,Thomasnet:asme-code-pressure-vessels:georgia,2026-06-17 03:43:28
990,American Alloy Fabricators,,"Norristown, PA",,[],,[],,,[],,https://www.thomasnet.com/company/american-alloy-fabricators-585677/profile,Thomasnet:asme-code-pressure-vessels:florida,2026-06-17 03:43:30
991,Air Compressor Works,,"Riviera Beach, FL",,[],,[],,,[],,https://www.thomasnet.com/company/air-compressor-works-958849/profile,Thomasnet:asme-code-pressure-vessels:florida,2026-06-17 03:43:30
992,"Tekna Manufacturing, LLC",,"Zephyrhills, FL",,[],,[],,,[],,https://www.thomasnet.com/company/tekna-manufacturing-llc-30830302/profile,Thomasnet:asme-code-pressure-vessels:florida,2026-06-17 03:43:30
993,Industrial Plastic Systems,,"Lakeland, FL",,[],,[],,,[],,https://www.thomasnet.com/company/industrial-plastic-systems-811876/profile,Thomasnet:asme-code-pressure-vessels:florida,2026-06-17 03:43:30
994,"Kinequip, Inc.",,"Cocoa, FL",,[],,[],,,[],,https://www.thomasnet.com/company/kinequip-inc-379292/profile,Thomasnet:asme-code-pressure-vessels:florida,2026-06-17 03:43:30
995,"Metalcraft Services of Tampa, LLC.",,"Tampa, FL",,[],,[],,,[],,https://www.thomasnet.com/company/metalcraft-services-of-tampa-llc-30163570/profile,Thomasnet:asme-code-pressure-vessels:florida,2026-06-17 03:43:30
996,"Aerex Industries, Inc.",,"Fort Pierce, FL",,[],,[],,,[],,https://www.thomasnet.com/company/aerex-industries-inc-30828521/profile,Thomasnet:asme-code-pressure-vessels:florida,2026-06-17 03:43:30
997,Reverse Osmosis of South Florida,,"Fort Lauderdale, FL",,[],,[],,,[],,https://www.thomasnet.com/company/reverse-osmosis-of-south-florida-762792/profile,Thomasnet:asme-code-pressure-vessels:florida,2026-06-17 03:43:30
998,Dixie Southern,,"Duette, FL",,[],,[],,,[],,https://www.thomasnet.com/company/dixie-southern-811584/profile,Thomasnet:asme-code-pressure-vessels:florida,2026-06-17 03:43:30
999,Daico Water Management,,"Valrico, FL",,[],,[],,,[],,https://www.thomasnet.com/company/daico-water-management-982323/profile,Thomasnet:asme-code-pressure-vessels:florida,2026-06-17 03:43:30
1003,Gulf Atlantic Equipment CO INC,,"Jacksonville, FL",,[],,[],,,[],,https://www.thomasnet.com/company/gulf-atlantic-equipment-co-inc-769535/profile,Thomasnet:asme-code-pressure-vessels:florida,2026-06-17 03:43:30
1006,International Technisystems,,"Miami, FL",,[],,[],,,[],,https://www.thomasnet.com/company/international-technisystems-1075175/profile,Thomasnet:asme-code-pressure-vessels:florida,2026-06-17 03:43:30
1007,Systems Engineering Research Facilities Inc (SERF),,"Cantonment, FL",,[],,[],,,[],,https://www.thomasnet.com/company/systems-engineering-research-facilities-inc-serf-799884/profile,Thomasnet:asme-code-pressure-vessels:florida,2026-06-17 03:43:30
1008,Filtration Systems,,"Sunrise, FL",,[],,[],,,[],,https://www.thomasnet.com/company/filtration-systems-762066/profile,Thomasnet:asme-code-pressure-vessels:florida,2026-06-17 03:43:30
1009,The Roberts Company,,"Mulberry, FL",,[],,[],,,[],,https://www.thomasnet.com/company/the-roberts-company-10050982/profile,Thomasnet:asme-code-pressure-vessels:florida,2026-06-17 03:43:30
1010,Dcr Fabrication INC,,"Lakeland, FL",,[],,[],,,[],,https://www.thomasnet.com/company/dcr-fabrication-inc-30745608/profile,Thomasnet:asme-code-pressure-vessels:florida,2026-06-17 03:43:30
1011,Waco Filters,,"Tampa, FL",,[],,[],,,[],,https://www.thomasnet.com/company/waco-filters-20101711/profile,Thomasnet:asme-code-pressure-vessels:florida,2026-06-17 03:43:30
1012,Bulk Manufacturing CO,,"Plant City, FL",,[],,[],,,[],,https://www.thomasnet.com/company/bulk-manufacturing-co-10060869/profile,Thomasnet:asme-code-pressure-vessels:florida,2026-06-17 03:43:30
1013,Brewfab LLC,,"Saint Petersburg, FL",,[],,[],,,[],,https://www.thomasnet.com/company/brewfab-llc-30854048/profile,Thomasnet:asme-code-pressure-vessels:florida,2026-06-17 03:43:30
1014,Lenntech,,"South Miami, FL",,[],,[],,,[],,https://www.thomasnet.com/company/lenntech-30874171/profile,Thomasnet:asme-code-pressure-vessels:florida,2026-06-17 03:43:30
1015,"Penn Stainless Products, Inc.",,"Quakertown, PA",,[],,[],,,[],,https://www.thomasnet.com/company/penn-stainless-products-inc-150505/profile,Thomasnet:stainless-steel-tanks:connecticut,2026-06-17 03:43:50
1016,Nutmeg Chrome Corporation,,"West Hartford, CT",,[],,[],,,[],,https://www.thomasnet.com/company/nutmeg-chrome-corporation-472084/profile,Thomasnet:stainless-steel-tanks:connecticut,2026-06-17 03:43:50
1017,"Metal Finishing Technologies, LLC",,"Bristol, CT",,[],,[],,,[],,https://www.thomasnet.com/company/metal-finishing-technologies-llc-476289/profile,Thomasnet:stainless-steel-tanks:connecticut,2026-06-17 03:43:50
1018,Prescott Metal,,"Biddeford, ME",,[],,[],,,[],,https://www.thomasnet.com/company/prescott-metal-385339/profile,Thomasnet:stainless-steel-tanks:connecticut,2026-06-17 03:43:50
1019,Progressive Alloy Steels Unlimited,,"Willimantic, CT",,[],,[],,,[],,https://www.thomasnet.com/company/progressive-alloy-steels-unlimited-10108574/profile,Thomasnet:stainless-steel-tanks:connecticut,2026-06-17 03:43:50
1020,Accurate Burring CO LLC,,"Plainville, CT",,[],,[],,,[],,https://www.thomasnet.com/company/accurate-burring-co-llc-473719/profile,Thomasnet:stainless-steel-tanks:connecticut,2026-06-17 03:43:50
1021,Scott Metal Finishing LLC,,"Bristol, CT",,[],,[],,,[],,https://www.thomasnet.com/company/scott-metal-finishing-llc-473270/profile,Thomasnet:stainless-steel-tanks:connecticut,2026-06-17 03:43:50
1022,"C.S.I.V, Inc",,"Wallingford, CT",,[],,[],,,[],,https://www.thomasnet.com/company/c-s-i-v-inc-30998048/profile,Thomasnet:stainless-steel-tanks:connecticut,2026-06-17 03:43:50
1024,New England Chrome Plating INC,,"East Hartford, CT",,[],,[],,,[],,https://www.thomasnet.com/company/new-england-chrome-plating-inc-30165701/profile,Thomasnet:stainless-steel-tanks:connecticut,2026-06-17 03:43:50
1025,U.S. Chrome Corporation,,"Stratford, CT",,[],,[],,,[],,https://www.thomasnet.com/company/u-s-chrome-corporation-10039850/profile,Thomasnet:stainless-steel-tanks:connecticut,2026-06-17 03:43:50
1026,Microfab Company LLC,,"Oxford, CT",,[],,[],,,[],,https://www.thomasnet.com/company/microfab-company-llc-30854427/profile,Thomasnet:stainless-steel-tanks:connecticut,2026-06-17 03:43:50
1027,New England Grinding & Machining LLC,,"Bridgeport, CT",,[],,[],,,[],,https://www.thomasnet.com/company/new-england-grinding-machining-llc-1298470/profile,Thomasnet:stainless-steel-tanks:connecticut,2026-06-17 03:43:50
1028,Rayco Metal Finishing INC,,"Middletown, CT",,[],,[],,,[],,https://www.thomasnet.com/company/rayco-metal-finishing-inc-468756/profile,Thomasnet:stainless-steel-tanks:connecticut,2026-06-17 03:43:50
1029,"ApMar USA, Inc.",,"Springfield, MA",,[],,[],,,[],,https://www.thomasnet.com/company/apmar-usa-inc-473091/profile,Thomasnet:stainless-steel-tanks:connecticut,2026-06-17 03:43:50
1030,Jls Metal Finishing,,"Middletown, CT",,[],,[],,,[],,https://www.thomasnet.com/company/jls-metal-finishing-1276584/profile,Thomasnet:stainless-steel-tanks:connecticut,2026-06-17 03:43:50
1031,"Sound Manufacturing, Inc.",,"Old Saybrook, CT",,[],,[],,,[],,https://www.thomasnet.com/company/sound-manufacturing-inc-1159317/profile,Thomasnet:stainless-steel-tanks:connecticut,2026-06-17 03:43:50
1032,Stylecraft Ironworks,,"Oxford, CT",,[],,[],,,[],,https://www.thomasnet.com/company/stylecraft-ironworks-1002406/profile,Thomasnet:stainless-steel-tanks:connecticut,2026-06-17 03:43:50
1033,East Coast Precision Manufacturing LLC,,"Killingworth, CT",,[],,[],,,[],,https://www.thomasnet.com/company/east-coast-precision-manufacturing-llc-20093640/profile,Thomasnet:stainless-steel-tanks:connecticut,2026-06-17 03:43:50
1034,Mirror Polishing & Plating Company Inc. (MPP Inc.),,"Waterbury, CT",,[],,[],,,[],,https://www.thomasnet.com/company/mirror-polishing-plating-company-inc-mpp-inc-472040/profile,Thomasnet:stainless-steel-tanks:connecticut,2026-06-17 03:43:50
1035,Rayco INC,,"New Britain, CT",,[],,[],,,[],,https://www.thomasnet.com/company/rayco-inc-30878950/profile,Thomasnet:stainless-steel-tanks:connecticut,2026-06-17 03:43:50
1036,Stewart Stevenson Power Products LLC Atlantic Division,,"Middletown, CT",,[],,[],,,[],,https://www.thomasnet.com/company/stewart-stevenson-power-products-llc-atlantic-division-572630/profile,Thomasnet:frp-tanks:connecticut,2026-06-17 03:44:06
1038,"Westport Precision, LLC",,"Stratford, CT",,[],,[],,,[],,https://www.thomasnet.com/company/westport-precision-llc-473326/profile,Thomasnet:stainless-steel-tanks:connecticut,2026-06-17 03:43:50
1039,"Hygrade Precision Technologies, LLC",,"Plainville, CT",,[],,[],,,[],,https://www.thomasnet.com/company/hygrade-precision-technologies-llc-474234/profile,Thomasnet:stainless-steel-tanks:connecticut,2026-06-17 03:43:50
1040,Metalmasters,,"Brighton, CO",,[],,[],,,[],,https://www.thomasnet.com/company/metalmasters-20105004/profile,Thomasnet:stainless-steel-tanks:colorado,2026-06-17 03:43:52
1041,Advanced Surface Technologies,,"Arvada, CO",,[],,[],,,[],,https://www.thomasnet.com/company/advanced-surface-technologies-1222484/profile,Thomasnet:stainless-steel-tanks:colorado,2026-06-17 03:43:52
1042,Accu Tube Corporation,,"Englewood, CO",,[],,[],,,[],,https://www.thomasnet.com/company/accu-tube-corporation-1211631/profile,Thomasnet:stainless-steel-tanks:colorado,2026-06-17 03:43:52
1043,Alpha Plastic & Design,,"Fort Collins, CO",,[],,[],,,[],,https://www.thomasnet.com/company/alpha-plastic-design-30721628/profile,Thomasnet:stainless-steel-tanks:colorado,2026-06-17 03:43:52
1044,Metalglazers,,"Castle Rock, CO",,[],,[],,,[],,https://www.thomasnet.com/company/metalglazers-30203458/profile,Thomasnet:stainless-steel-tanks:colorado,2026-06-17 03:43:52
1047,Colorado Precision Products INC,,"Boulder, CO",,[],,[],,,[],,https://www.thomasnet.com/company/colorado-precision-products-inc-1230027/profile,Thomasnet:stainless-steel-tanks:colorado,2026-06-17 03:43:52
1049,General Machine INC,,"Colorado Springs, CO",,[],,[],,,[],,https://www.thomasnet.com/company/general-machine-inc-10016062/profile,Thomasnet:stainless-steel-tanks:colorado,2026-06-17 03:43:52
1050,Phoenix Metals,,"Tampa, FL",,[],,[],,,[],,https://www.thomasnet.com/company/phoenix-metals-836747/profile,Thomasnet:stainless-steel-tanks:florida,2026-06-17 03:44:10
1051,Shaw Stainless & Alloy,,"Marietta, GA",,[],,[],,,[],,https://www.thomasnet.com/company/shaw-stainless-alloy-905795/profile,Thomasnet:stainless-steel-tanks:georgia,2026-06-17 03:43:54
1052,Main Steel LLC,,"Atlanta, GA",,[],,[],,,[],,https://www.thomasnet.com/company/main-steel-llc-997975/profile,Thomasnet:stainless-steel-tanks:georgia,2026-06-17 03:43:54
1053,Peachtree Tooling Corp,,"Braselton, GA",,[],,[],,,[],,https://www.thomasnet.com/company/peachtree-tooling-corp-30337527/profile,Thomasnet:stainless-steel-tanks:georgia,2026-06-17 03:43:54
1054,Team Metal Finishing,,"Toccoa, GA",,[],,[],,,[],,https://www.thomasnet.com/company/team-metal-finishing-939083/profile,Thomasnet:stainless-steel-tanks:georgia,2026-06-17 03:43:54
1055,Shl Automation,,"Tucker, GA",,[],,[],,,[],,https://www.thomasnet.com/company/shl-automation-30679413/profile,Thomasnet:stainless-steel-tanks:georgia,2026-06-17 03:43:54
1056,Rockcrete USA,,"Duluth, GA",,[],,[],,,[],,https://www.thomasnet.com/company/rockcrete-usa-30232615/profile,Thomasnet:stainless-steel-tanks:georgia,2026-06-17 03:43:54
1057,QCP Enterprises,,"Brunswick, GA",,[],,[],,,[],,https://www.thomasnet.com/company/qcp-enterprises-987875/profile,Thomasnet:stainless-steel-tanks:georgia,2026-06-17 03:43:54
1058,Eps,,"Alpharetta, GA",,[],,[],,,[],,https://www.thomasnet.com/company/eps-1285610/profile,Thomasnet:stainless-steel-tanks:georgia,2026-06-17 03:43:54
1060,"Blackwell's, Inc.",,"Lagrange, GA",,[],,[],,,[],,https://www.thomasnet.com/company/blackwell-s-inc-1305697/profile,Thomasnet:stainless-steel-tanks:georgia,2026-06-17 03:43:54
1061,"Benise-Dowling & Associates, Inc.",,"Decatur, GA",,[],,[],,,[],,https://www.thomasnet.com/company/benise-dowling-associates-inc-905369/profile,Thomasnet:stainless-steel-tanks:georgia,2026-06-17 03:43:54
1062,Standex Engraving Mold-Tech,,"McDonnough, GA",,[],,[],,,[],,https://www.thomasnet.com/company/standex-engraving-mold-tech-10092208/profile,Thomasnet:stainless-steel-tanks:georgia,2026-06-17 03:43:54
1063,"Precision Industries, Inc.",,"Valdosta, GA",,[],,[],,,[],,https://www.thomasnet.com/company/precision-industries-inc-10056198/profile,Thomasnet:stainless-steel-tanks:georgia,2026-06-17 03:43:54
1064,Southeast Sealing Inc.,,"Conyers, GA",,[],,[],,,[],,https://www.thomasnet.com/company/southeast-sealing-inc-10035815/profile,Thomasnet:stainless-steel-tanks:georgia,2026-06-17 03:43:54
1065,Cogri USA INC,,"Kennesaw, GA",,[],,[],,,[],,https://www.thomasnet.com/company/cogri-usa-inc-30967164/profile,Thomasnet:stainless-steel-tanks:georgia,2026-06-17 03:43:54
1066,Johnson Bros. Roll Forming Co.,,"Berkeley, IL",,[],,[],,,[],,https://www.thomasnet.com/company/johnson-bros-roll-forming-co-453024/profile,Thomasnet:stainless-steel-tanks:georgia,2026-06-17 03:43:54
1067,"Bishop Metal Stamping, Inc.",,"Charlotte, NC",,[],,[],,,[],,https://www.thomasnet.com/company/bishop-metal-stamping-inc-27765/profile,Thomasnet:stainless-steel-tanks:georgia,2026-06-17 03:43:54
1069,"Williams Metalfinishing, Inc.",,"Sinking Spring, PA",,[],,[],,,[],,https://www.thomasnet.com/company/williams-metalfinishing-inc-141007/profile,Thomasnet:stainless-steel-tanks:delaware,2026-06-17 03:43:56
1070,"Precision Finishing, Inc.",,"Quakertown, PA",,[],,[],,,[],,https://www.thomasnet.com/company/precision-finishing-inc-139807/profile,Thomasnet:stainless-steel-tanks:delaware,2026-06-17 03:43:56
1071,"R/J Florig Industrial Co., Inc.",,"Conshohocken, PA",,[],,[],,,[],,https://www.thomasnet.com/company/r-j-florig-industrial-co-inc-1083741/profile,Thomasnet:stainless-steel-tanks:delaware,2026-06-17 03:43:56
1072,A H Metals,,"Newark, DE",,[],,[],,,[],,https://www.thomasnet.com/company/a-h-metals-135492/profile,Thomasnet:stainless-steel-tanks:delaware,2026-06-17 03:43:56
1073,Commercial Cleaning Services,,"Wilmington, DE",,[],,[],,,[],,https://www.thomasnet.com/company/commercial-cleaning-services-30792692/profile,Thomasnet:stainless-steel-tanks:delaware,2026-06-17 03:43:56
1075,"Level 7 Chemical, Inc.",,"Conway, AR",,[],,[],,,[],,https://www.thomasnet.com/company/level-7-chemical-inc-30998358/profile,Thomasnet:frp-tanks:arkansas,2026-06-17 03:44:00
1076,"Bio-Tech Pharmacal, Inc.",,"Fayetteville, AR",,[],,[],,,[],,https://www.thomasnet.com/company/bio-tech-pharmacal-inc-30839653/profile,Thomasnet:frp-tanks:arkansas,2026-06-17 03:44:00
1079,"Parker Solvents Company, Inc.",,"Fort Smith, AR",,[],,[],,,[],,https://www.thomasnet.com/company/parker-solvents-company-inc-30930199/profile,Thomasnet:frp-tanks:arkansas,2026-06-17 03:44:00
1080,Swift Chemical CO,,"Rogers, AR",,[],,[],,,[],,https://www.thomasnet.com/company/swift-chemical-co-1200349/profile,Thomasnet:frp-tanks:arkansas,2026-06-17 03:44:00
1082,"Leaucon, Inc.",,"Malvern, AR",,[],,[],,,[],,https://www.thomasnet.com/company/leaucon-inc-1212623/profile,Thomasnet:frp-tanks:arkansas,2026-06-17 03:44:00
1085,"Hawkins, Inc.",,"Hot Springs, AR",,[],,[],,,[],,https://www.thomasnet.com/company/u-s-vanadium-corp-10062942/profile,Thomasnet:frp-tanks:arkansas,2026-06-17 03:44:00
1087,Abernathy Company,,"Conway, AR",,[],,[],,,[],,https://www.thomasnet.com/company/chemical-distribution-solutions-30789039/profile,Thomasnet:frp-tanks:arkansas,2026-06-17 03:44:00
1089,Olin Corp.,,"Russellville, AR",,[],,[],,,[],,https://www.thomasnet.com/company/olin-corp-631036/profile,Thomasnet:frp-tanks:arkansas,2026-06-17 03:44:00
1090,Koppers Inc.,,"North Little Rock, AR",,[],,[],,,[],,https://www.thomasnet.com/company/koppers-inc-163113/profile,Thomasnet:frp-tanks:arkansas,2026-06-17 03:44:00
1091,Evonik Corporation,,"Osceola, AR",,[],,[],,,[],,https://www.thomasnet.com/company/evonik-corporation-583312/profile,Thomasnet:frp-tanks:arkansas,2026-06-17 03:44:00
1092,Gnb Battery Technologies,,"Fort Smith, AR",,[],,[],,,[],,https://www.thomasnet.com/company/gnb-battery-technologies-1187525/profile,Thomasnet:frp-tanks:arkansas,2026-06-17 03:44:00
1093,Mr Plastic INC,,"Little Rock, AR",,[],,[],,,[],,https://www.thomasnet.com/company/mr-plastic-inc-30980382/profile,Thomasnet:frp-tanks:arkansas,2026-06-17 03:44:00
1094,Earth Science Laboratories INC,,"Rogers, AR",,[],,[],,,[],,https://www.thomasnet.com/company/earth-science-laboratories-inc-30995322/profile,Thomasnet:frp-tanks:arkansas,2026-06-17 03:44:00
1095,Murphy Oil Co.,,"El Dorado, AR",,[],,[],,,[],,https://www.thomasnet.com/company/murphy-oil-co-10086739/profile,Thomasnet:frp-tanks:arkansas,2026-06-17 03:44:00
1096,Screenprinting.com,,"Harriston, AR",,[],,[],,,[],,https://www.thomasnet.com/company/screenprinting-com-20059589/profile,Thomasnet:frp-tanks:arkansas,2026-06-17 03:44:00
1097,IR-G Industrial Rubber & Gasket,,"Blytheville, AR",,[],,[],,,[],,https://www.thomasnet.com/company/ir-g-industrial-rubber-gasket-872326/profile,Thomasnet:frp-tanks:arkansas,2026-06-17 03:44:00
1098,"Conway Industrial Supply, Inc",,"Conway, AR",,[],,[],,,[],,https://www.thomasnet.com/company/conway-industrial-supply-inc-30123893/profile,Thomasnet:frp-tanks:arkansas,2026-06-17 03:44:00
1099,"Chardon Laboratories, Inc.",,"Reynoldsburg, OH",,[],,[],,,[],,https://www.thomasnet.com/company/chardon-laboratories-inc-35832/profile,Thomasnet:frp-tanks:delaware,2026-06-17 03:44:02
1100,Hibrett Puratex,,"Pennsauken, NJ",,[],,[],,,[],,https://www.thomasnet.com/company/hibrett-puratex-577267/profile,Thomasnet:frp-tanks:delaware,2026-06-17 03:44:02
1103,"Shanghai Sanfu Chemical Co., Ltd d/b/a EcoFluor Chemical Inc.",,"Dover, DE",,[],,[],,,[],,https://www.thomasnet.com/company/shanghai-sanfu-chemical-co-ltd-d-b-a-ecofluor-chemical-inc-31008217/profile,Thomasnet:frp-tanks:delaware,2026-06-17 03:44:02
1104,"Diversified Chemical Products, Inc.",,"Wilmington, DE",,[],,[],,,[],,https://www.thomasnet.com/company/diversified-chemical-products-inc-698764/profile,Thomasnet:frp-tanks:delaware,2026-06-17 03:44:02
1105,"U.S. Chlorides, Inc.",,"Dover, DE",,[],,[],,,[],,https://www.thomasnet.com/company/u-s-chlorides-inc-30784295/profile,Thomasnet:frp-tanks:delaware,2026-06-17 03:44:02
1106,Rohm Haas CO,,"Wilmington, DE",,[],,[],,,[],,https://www.thomasnet.com/company/rohm-haas-co-135265/profile,Thomasnet:frp-tanks:delaware,2026-06-17 03:44:02
1107,Enerkem INC,,"Montreal, QC",,[],,[],,,[],,https://www.thomasnet.com/company/enerkem-inc-30916215/profile,Thomasnet:frp-tanks:delaware,2026-06-17 03:44:02
1108,Indo Amines Americas LLC,,"Wilmington, DE",,[],,[],,,[],,https://www.thomasnet.com/company/indo-amines-americas-llc-30834638/profile,Thomasnet:frp-tanks:delaware,2026-06-17 03:44:02
1109,100salts,,"Wilmington, DE",,[],,[],,,[],,https://www.thomasnet.com/company/100salts-30532668/profile,Thomasnet:frp-tanks:delaware,2026-06-17 03:44:02
1110,PDM Chemicals,,"Newark, DE",,[],,[],,,[],,https://www.thomasnet.com/company/cyclesolv-com-20044251/profile,Thomasnet:frp-tanks:delaware,2026-06-17 03:44:02
1112,"Kuehne Chemical Co., Inc.",,"Delaware City, DE",,[],,[],,,[],,https://www.thomasnet.com/company/kuehne-chemical-co-inc-142168/profile,Thomasnet:frp-tanks:delaware,2026-06-17 03:44:02
1113,The Chemours Company,,"Wilmington, DE",,[],,[],,,[],,https://www.thomasnet.com/company/the-chemours-company-10080270/profile,Thomasnet:frp-tanks:delaware,2026-06-17 03:44:02
1114,Innospec,,"Newark, DE",,[],,[],,,[],,https://www.thomasnet.com/company/innospec-30847579/profile,Thomasnet:frp-tanks:delaware,2026-06-17 03:44:02
1115,Croda INC and Sederma INC,,"New Castle, DE",,[],,[],,,[],,https://www.thomasnet.com/company/croda-inc-and-sederma-inc-10018959/profile,Thomasnet:frp-tanks:delaware,2026-06-17 03:44:02
1116,Ashland,,"Wilmington, DE",,[],,[],,,[],,https://www.thomasnet.com/company/ashland-10044591/profile,Thomasnet:frp-tanks:delaware,2026-06-17 03:44:02
1117,Precise Peg LLC,,"Wilmington, DE",,[],,[],,,[],,https://www.thomasnet.com/company/precise-peg-llc-30994202/profile,Thomasnet:frp-tanks:delaware,2026-06-17 03:44:02
1118,Diamond Chemical Supply CO INC,,"Wilmington, DE",,[],,[],,,[],,https://www.thomasnet.com/company/diamond-chemical-supply-co-inc-135439/profile,Thomasnet:frp-tanks:delaware,2026-06-17 03:44:02
1120,"Atlantic Screen & Mfg., Inc.",,"Milton, DE",,[],,[],,,[],,https://www.thomasnet.com/company/atlantic-screen-mfg-inc-699676/profile,Thomasnet:frp-tanks:delaware,2026-06-17 03:44:02
1121,Solenis,,"Wilmington, DE",,[],,[],,,[],,https://www.thomasnet.com/company/solenis-30839810/profile,Thomasnet:frp-tanks:delaware,2026-06-17 03:44:02
1122,Cornerstone Technology LLC,,"Newark, DE",,[],,[],,,[],,https://www.thomasnet.com/company/cornerstone-technology-llc-30947248/profile,Thomasnet:frp-tanks:delaware,2026-06-17 03:44:02
1123,Agrevo USA CO,,"Wilmington, DE",,[],,[],,,[],,https://www.thomasnet.com/company/agrevo-usa-co-1309984/profile,Thomasnet:frp-tanks:delaware,2026-06-17 03:44:02
1125,Ayers International Corp,,"Greenwich, CT",,[],,[],,,[],,https://www.thomasnet.com/company/ayers-international-corp-10003799/profile,Thomasnet:frp-tanks:connecticut,2026-06-17 03:44:06
1126,Rsa Corporation,,"Danbury, CT",,[],,[],,,[],,https://www.thomasnet.com/company/rsa-corporation-419832/profile,Thomasnet:frp-tanks:connecticut,2026-06-17 03:44:06
1127,Chessco Industries INC,,"Westport, CT",,[],,[],,,[],,https://www.thomasnet.com/company/chessco-industries-inc-422766/profile,Thomasnet:frp-tanks:connecticut,2026-06-17 03:44:06
1128,Amsyn INC,,"Stamford, CT",,[],,[],,,[],,https://www.thomasnet.com/company/amsyn-inc-1046091/profile,Thomasnet:frp-tanks:connecticut,2026-06-17 03:44:06
1129,AG&P Mineral Purveyors Inc.,,"New Milford, CT",,[],,[],,,[],,https://www.thomasnet.com/company/ag-p-mineral-purveyors-inc-30984140/profile,Thomasnet:frp-tanks:connecticut,2026-06-17 03:44:06
1131,"PVS Chemicals Solutions, Inc.",,"Augusta, GA",,[],,[],,,[],,https://www.thomasnet.com/company/pvs-chemicals-solutions-inc-47218/profile,Thomasnet:frp-tanks:georgia,2026-06-17 03:44:12
1132,Pfaltz Bauer,,"Waterbury, CT",,[],,[],,,[],,https://www.thomasnet.com/company/pfaltz-bauer-685218/profile,Thomasnet:frp-tanks:connecticut,2026-06-17 03:44:06
1133,Rain Carbon Inc.,,"Stamford, CT",,[],,[],,,[],,https://www.thomasnet.com/company/rain-carbon-inc-30849536/profile,Thomasnet:frp-tanks:connecticut,2026-06-17 03:44:06
1134,LANXESS,,"Shelton, CT",,[],,[],,,[],,https://www.thomasnet.com/company/lanxess-20073134/profile,Thomasnet:frp-tanks:connecticut,2026-06-17 03:44:06
1135,Rose Mill Co.,,"West Hartford, CT",,[],,[],,,[],,https://www.thomasnet.com/company/rose-mill-co-1191046/profile,Thomasnet:frp-tanks:connecticut,2026-06-17 03:44:06
1136,MSC Industrial Supply Co.,,"Windsor, CT",,[],,[],,,[],,https://www.thomasnet.com/company/msc-industrial-supply-co-424725/profile,Thomasnet:frp-tanks:connecticut,2026-06-17 03:44:06
1138,"Double Bond Chemical Co., Ltd.",,"West Simsbury, CT",,[],,[],,,[],,https://www.thomasnet.com/company/double-bond-chemical-co-ltd-30844144/profile,Thomasnet:frp-tanks:connecticut,2026-06-17 03:44:06
1139,"Prochimie International, Inc.",,"Windsor, CT",,[],,[],,,[],,https://www.thomasnet.com/company/prochimie-international-inc-30964386/profile,Thomasnet:frp-tanks:connecticut,2026-06-17 03:44:06
1140,Industrialsafety Com,,"Westport, CT",,[],,[],,,[],,https://www.thomasnet.com/company/industrialsafety-com-30726578/profile,Thomasnet:frp-tanks:connecticut,2026-06-17 03:44:06
1141,Miller-Stephenson Chemical Company,,"Danbury, CT",,[],,[],,,[],,https://www.thomasnet.com/company/miller-stephenson-chemical-company-10026268/profile,Thomasnet:frp-tanks:connecticut,2026-06-17 03:44:06
1142,"U.S. Chemicals, LLC.",,"New Canaan, CT",,[],,[],,,[],,https://www.thomasnet.com/company/u-s-chemicals-llc-827597/profile,Thomasnet:frp-tanks:connecticut,2026-06-17 03:44:06
1143,Hampford Research,,"Stratford, CT",,[],,[],,,[],,https://www.thomasnet.com/company/hampford-research-672857/profile,Thomasnet:frp-tanks:connecticut,2026-06-17 03:44:06
1144,R T Vanderbilt Holding Company INC,,"Norwalk, CT",,[],,[],,,[],,https://www.thomasnet.com/company/r-t-vanderbilt-holding-company-inc-30960059/profile,Thomasnet:frp-tanks:connecticut,2026-06-17 03:44:06
1147,Abosyn Chemicals INC,,"Branford, CT",,[],,[],,,[],,https://www.thomasnet.com/company/abosyn-chemicals-inc-30987724/profile,Thomasnet:frp-tanks:connecticut,2026-06-17 03:44:06
1149,"Anchor Machine & Fabrication, Inc.",,"Tampa, FL",,[],,[],,,[],,https://www.thomasnet.com/company/anchor-machine-fabrication-inc-1081468/profile,Thomasnet:stainless-steel-tanks:florida,2026-06-17 03:44:10
1150,Astro Pak,,"Mims, FL",,[],,[],,,[],,https://www.thomasnet.com/company/astro-pak-30110179/profile,Thomasnet:stainless-steel-tanks:florida,2026-06-17 03:44:10
1151,Big Dogs Extreme Hydrographics LLC,,"Zephyrhills, FL",,[],,[],,,[],,https://www.thomasnet.com/company/big-dogs-extreme-hydrographics-llc-30673371/profile,Thomasnet:stainless-steel-tanks:florida,2026-06-17 03:44:10
1152,S&B Metal Products,,"Daytona Beach, FL",,[],,[],,,[],,https://www.thomasnet.com/company/s-b-metal-products-1134008/profile,Thomasnet:stainless-steel-tanks:florida,2026-06-17 03:44:10
1154,Sleek Finishing,,"Lakeland, FL",,[],,[],,,[],,https://www.thomasnet.com/company/sleek-finishing-30966298/profile,Thomasnet:stainless-steel-tanks:florida,2026-06-17 03:44:10
1155,"Sterling Process Equipment and Services, Inc.",,"Lakeland, FL",,[],,[],,,[],,https://www.thomasnet.com/company/sterling-process-equipment-and-services-inc-20101370/profile,Thomasnet:stainless-steel-tanks:florida,2026-06-17 03:44:10
1156,Metal Shop USA INC,,"New Port Richey, FL",,[],,[],,,[],,https://www.thomasnet.com/company/metal-shop-usa-inc-30407228/profile,Thomasnet:stainless-steel-tanks:florida,2026-06-17 03:44:10
1157,The Polishing Shop,,"Fort Lauderdale, FL",,[],,[],,,[],,https://www.thomasnet.com/company/the-polishing-shop-20081649/profile,Thomasnet:stainless-steel-tanks:florida,2026-06-17 03:44:10
1158,Best Fabrications INC,,"Bartow, FL",,[],,[],,,[],,https://www.thomasnet.com/company/best-fabrications-inc-30118051/profile,Thomasnet:stainless-steel-tanks:florida,2026-06-17 03:44:10
1159,3 Axis Development INC,,"Boynton Beach, FL",,[],,[],,,[],,https://www.thomasnet.com/company/3-axis-development-inc-30149343/profile,Thomasnet:stainless-steel-tanks:florida,2026-06-17 03:44:10
1160,Migrandy Corp,,"Merritt Island, FL",,[],,[],,,[],,https://www.thomasnet.com/company/migrandy-corp-754153/profile,Thomasnet:stainless-steel-tanks:florida,2026-06-17 03:44:10
1161,Florida Metal Refinishing,,"Tampa, FL",,[],,[],,,[],,https://www.thomasnet.com/company/florida-metal-refinishing-736048/profile,Thomasnet:stainless-steel-tanks:florida,2026-06-17 03:44:10
1162,Southeast Waterjet Services,,"Fort Pierce, FL",,[],,[],,,[],,https://www.thomasnet.com/company/southeast-waterjet-services-30852926/profile,Thomasnet:stainless-steel-tanks:florida,2026-06-17 03:44:10
1163,All Custom Fabrication INC,,"Brooksville, FL",,[],,[],,,[],,https://www.thomasnet.com/company/all-custom-fabrication-inc-30878378/profile,Thomasnet:stainless-steel-tanks:florida,2026-06-17 03:44:10
1164,Yeager Manufacturing Technologies,,"Winter Park, FL",,[],,[],,,[],,https://www.thomasnet.com/company/yeager-manufacturing-technologies-30990476/profile,Thomasnet:stainless-steel-tanks:florida,2026-06-17 03:44:10
1165,Accurate Metal Finishing of Florida INC,,"Rockledge, FL",,[],,[],,,[],,https://www.thomasnet.com/company/accurate-metal-finishing-of-florida-inc-704175/profile,Thomasnet:stainless-steel-tanks:florida,2026-06-17 03:44:10
1166,Mark Plating,,"West Palm Beach, FL",,[],,[],,,[],,https://www.thomasnet.com/company/mark-plating-30788612/profile,Thomasnet:stainless-steel-tanks:florida,2026-06-17 03:44:10
1167,Galo S Polishers Corp,,"Miami, FL",,[],,[],,,[],,https://www.thomasnet.com/company/galo-s-polishers-corp-786228/profile,Thomasnet:stainless-steel-tanks:florida,2026-06-17 03:44:10
1168,Fill Tech Solutions INC,,"Largo, FL",,[],,[],,,[],,https://www.thomasnet.com/company/fill-tech-solutions-inc-30720983/profile,Thomasnet:stainless-steel-tanks:florida,2026-06-17 03:44:10
1169,B Oscar S Plating Polishing INC,,"Miami, FL",,[],,[],,,[],,https://www.thomasnet.com/company/b-oscar-s-plating-polishing-inc-787402/profile,Thomasnet:stainless-steel-tanks:florida,2026-06-17 03:44:10
1170,Stainless Precision Engineering LLC,,"Jacksonville, FL",,[],,[],,,[],,https://www.thomasnet.com/company/stainless-precision-engineering-llc-31002941/profile,Thomasnet:stainless-steel-tanks:florida,2026-06-17 03:44:10
1171,Anodize LLC,,"Ocala, FL",,[],,[],,,[],,https://www.thomasnet.com/company/anodize-llc-30707232/profile,Thomasnet:stainless-steel-tanks:florida,2026-06-17 03:44:10
1172,"MSK Precision Products, Inc.",,"Tamarac, FL",,[],,[],,,[],,https://www.thomasnet.com/company/msk-precision-products-inc-752232/profile,Thomasnet:stainless-steel-tanks:florida,2026-06-17 03:44:10
1173,Marsh Fasteners,,"Jupiter, FL",,[],,[],,,[],,https://www.thomasnet.com/company/marsh-fasteners-30167905/profile,Thomasnet:stainless-steel-tanks:florida,2026-06-17 03:44:10
1174,Sowega Chlorinator CO INC,,"Albany, GA",,[],,[],,,[],,https://www.thomasnet.com/company/sowega-chlorinator-co-inc-31004038/profile,Thomasnet:frp-tanks:georgia,2026-06-17 03:44:12
1175,"Miura America Co., Ltd.",,"Rockmart, GA",,[],,[],,,[],,https://www.thomasnet.com/company/miura-america-co-ltd-30177039/profile,Thomasnet:frp-tanks:georgia,2026-06-17 03:44:12
1177,ChemWorld,,"Roswell, GA",,[],,[],,,[],,https://www.thomasnet.com/company/chemworld-30832435/profile,Thomasnet:frp-tanks:georgia,2026-06-17 03:44:12
1178,"Connect Chemicals USA, LLC",,"Atlanta, GA",,[],,[],,,[],,https://www.thomasnet.com/company/connect-chemicals-usa-llc-30808631/profile,Thomasnet:frp-tanks:georgia,2026-06-17 03:44:12
1179,"AlzChem, LLC",,"Marietta, GA",,[],,[],,,[],,https://www.thomasnet.com/company/alzchem-llc-30755552/profile,Thomasnet:frp-tanks:georgia,2026-06-17 03:44:12
1180,CJB Industries,,"Valdosta, GA",,[],,[],,,[],,https://www.thomasnet.com/company/cjb-industries-10076398/profile,Thomasnet:frp-tanks:georgia,2026-06-17 03:44:12
1181,Optima Chemical Group LLC,,"Douglas, GA",,[],,[],,,[],,https://www.thomasnet.com/company/optima-chemical-group-llc-842302/profile,Thomasnet:frp-tanks:georgia,2026-06-17 03:44:12
1182,Colonial Chemical Solutions Inc,,"Savannah, GA",,[],,[],,,[],,https://www.thomasnet.com/company/colonial-chemical-solutions-inc-30863400/profile,Thomasnet:frp-tanks:georgia,2026-06-17 03:44:12
1183,Reddy Chemtech INC,,"Kennesaw, GA",,[],,[],,,[],,https://www.thomasnet.com/company/reddy-chemtech-inc-30753543/profile,Thomasnet:frp-tanks:georgia,2026-06-17 03:44:12
1184,RITA Corporation,,"Winder, GA",,[],,[],,,[],,https://www.thomasnet.com/company/rita-corporation-452034/profile,Thomasnet:frp-tanks:georgia,2026-06-17 03:44:12
1185,PQ Corp.,,"Dacula, GA",,[],,[],,,[],,https://www.thomasnet.com/company/bio-source-inc-30766167/profile,Thomasnet:frp-tanks:georgia,2026-06-17 03:44:12
1187,"Vista Supply & Services, Llc",,"Marietta, GA",,[],,[],,,[],,https://www.thomasnet.com/company/vista-supply-services-llc-30920338/profile,Thomasnet:frp-tanks:georgia,2026-06-17 03:44:12
1189,Natrochem INC,,"Savannah, GA",,[],,[],,,[],,https://www.thomasnet.com/company/natrochem-inc-23921/profile,Thomasnet:frp-tanks:georgia,2026-06-17 03:44:12
1191,"Fang Phos, Inc.",,"Carrollton, GA",,[],,[],,,[],,https://www.thomasnet.com/company/fang-phos-inc-849153/profile,Thomasnet:frp-tanks:georgia,2026-06-17 03:44:12
1192,"Kor-Chem, Inc.",,"Atlanta, GA",,[],,[],,,[],,https://www.thomasnet.com/company/kor-chem-inc-909091/profile,Thomasnet:frp-tanks:georgia,2026-06-17 03:44:12
1193,"Mayzo, Inc.",,"Suwanee, GA",,[],,[],,,[],,https://www.thomasnet.com/company/mayzo-inc-10052955/profile,Thomasnet:frp-tanks:georgia,2026-06-17 03:44:12
1194,Qualchem INC,,"Duluth, GA",,[],,[],,,[],,https://www.thomasnet.com/company/qualchem-inc-30837024/profile,Thomasnet:frp-tanks:georgia,2026-06-17 03:44:12
1196,"Chemrite, Inc.",,"Buford, GA",,[],,[],,,[],,https://www.thomasnet.com/company/chemrite-inc-30920644/profile,Thomasnet:frp-tanks:georgia,2026-06-17 03:44:12
1198,Griffin LLC,,"Valdosta, GA",,[],,[],,,[],,https://www.thomasnet.com/company/griffin-llc-10061246/profile,Thomasnet:frp-tanks:georgia,2026-06-17 03:44:12
1199,American Water Chemicals Inc.,,"Plant City, FL",,[],,[],,,[],,https://www.thomasnet.com/company/american-water-chemicals-inc-30757751/profile,Thomasnet:frp-tanks:florida,2026-06-17 03:44:19
1200,All Trade International LLC,,"Doral, FL",,[],,[],,,[],,https://www.thomasnet.com/company/all-trade-international-llc-30870653/profile,Thomasnet:frp-tanks:florida,2026-06-17 03:44:19
1201,Vital Oxide,,"West Palm Beach, FL",,[],,[],,,[],,https://www.thomasnet.com/company/vital-oxide-30923041/profile,Thomasnet:frp-tanks:florida,2026-06-17 03:44:19
1202,Esin Chemical,,"Plantation, FL",,[],,[],,,[],,https://www.thomasnet.com/company/esin-chemical-30972992/profile,Thomasnet:frp-tanks:florida,2026-06-17 03:44:19
1203,Astor Products INC,,"Jacksonville, FL",,[],,[],,,[],,https://www.thomasnet.com/company/astor-products-inc-10003359/profile,Thomasnet:frp-tanks:florida,2026-06-17 03:44:19
1204,Terra Asgrow Florida CO,,"Immokalee, FL",,[],,[],,,[],,https://www.thomasnet.com/company/terra-asgrow-florida-co-719400/profile,Thomasnet:frp-tanks:florida,2026-06-17 03:44:19
1205,Barentz,,"Boca Raton, FL",,[],,[],,,[],,https://www.thomasnet.com/company/barentz-30863567/profile,Thomasnet:frp-tanks:florida,2026-06-17 03:44:19
1206,Technic Inc.,,"Clearwater, FL",,[],,[],,,[],,https://www.thomasnet.com/company/technic-inc-10025890/profile,Thomasnet:frp-tanks:florida,2026-06-17 03:44:19
1207,Thatcher Chemical Co.,,"DeLand, FL",,[],,[],,,[],,https://www.thomasnet.com/company/thatcher-chemical-co-1205952/profile,Thomasnet:frp-tanks:florida,2026-06-17 03:44:19
1208,ASG Chemie,,"Gainesville, FL",,[],,[],,,[],,https://www.thomasnet.com/company/asg-chemie-31000255/profile,Thomasnet:frp-tanks:florida,2026-06-17 03:44:19
1210,Ftf Scientific,,"Pensacola, FL",,[],,[],,,[],,https://www.thomasnet.com/company/ftf-scientific-30986395/profile,Thomasnet:frp-tanks:florida,2026-06-17 03:44:19
1212,Lorad Chemical Corporation,,"St. Petersburg, FL",,[],,[],,,[],,https://www.thomasnet.com/company/lorad-chemical-corporation-1284509/profile,Thomasnet:frp-tanks:florida,2026-06-17 03:44:19
1213,Darwin Chemical Company,,"Weston, FL",,[],,[],,,[],,https://www.thomasnet.com/company/darwin-chemical-company-30996654/profile,Thomasnet:frp-tanks:florida,2026-06-17 03:44:19
1214,Matheson,,"Jupiter, FL",,[],,[],,,[],,https://www.thomasnet.com/company/matheson-30129799/profile,Thomasnet:frp-tanks:florida,2026-06-17 03:44:19
1215,Kemcal LLC,,"Neptune Beach, FL",,[],,[],,,[],,https://www.thomasnet.com/company/kemcal-llc-31002552/profile,Thomasnet:frp-tanks:florida,2026-06-17 03:44:19
1217,Ez Chem LLC,,"Miramar, FL",,[],,[],,,[],,https://www.thomasnet.com/company/ez-chem-llc-30996675/profile,Thomasnet:frp-tanks:florida,2026-06-17 03:44:19
1218,Brewer International,,"Tampa, FL",,[],,[],,,[],,https://www.thomasnet.com/company/yara-north-america-inc-30752900/profile,Thomasnet:frp-tanks:florida,2026-06-17 03:44:19
1221,Copa Supplies LLC,,"Orlando, FL",,[],,[],,,[],,https://www.thomasnet.com/company/copa-supplies-llc-30871397/profile,Thomasnet:frp-tanks:florida,2026-06-17 03:44:19
1222,SDI Chemicals,,"Fort Lauderdale, FL",,[],,[],,,[],,https://www.thomasnet.com/company/sdi-chemicals-31001866/profile,Thomasnet:frp-tanks:florida,2026-06-17 03:44:19
1223,Chemical Standards Laboratory INC,,"Clearwater, FL",,[],,[],,,[],,https://www.thomasnet.com/company/chemical-standards-laboratory-inc-10017324/profile,Thomasnet:frp-tanks:florida,2026-06-17 03:44:19
